Sale_ID,Listing_ID,Sale_Date,Sale_Price,Days_On_Market
S0001,L1116,2024-02-04,432300.0,100
S0002,L0066,2024-04-13,2894400.0,147
S0003,L0889,2025-05-03,1341000.0,144
S0004,L0181,2023-12-13,1446500.0,146
S0005,L2730,2024-01-20,1336100.0,82
S0006,L2725,2025-05-02,1842100.0,147
S0007,L2876,2024-06-23,1117100.0,138
S0008,L1389,2025-07-16,1259300.0,82
S0009,L2243,2024-11-15,1230100.0,95
S0010,L0334,2025-05-25,657500.0,121
S0011,L2052,2025-06-25,2385500.0,21
S0012,L0485,2024-07-08,308200.0,120
S0013,L1476,2025-01-04,1222300.0,125
S0014,L2715,2024-07-21,1058800.0,25
S0015,L2104,2024-04-05,2812800.0,26
S0016,L1433,2023-02-28,961500.0,37
S0017,L0968,2024-12-06,573300.0,63
S0018,L1406,2025-07-18,4221500.0,128
S0019,L0014,2024-04-17,646400.0,60
S0020,L1761,2023-07-17,1406200.0,105
S0021,L0514,2025-08-16,545500.0,163
S0022,L2468,2025-01-18,2736400.0,132
S0023,L0623,2025-07-30,648200.0,152
S0024,L1478,2024-10-20,1053200.0,123
S0025,L2193,2024-05-05,111700.0,98
S0026,L2718,2024-05-13,220900.0,80
S0027,L0137,2024-06-27,2435500.0,32
S0028,L2444,2025-06-05,2223000.0,25
S0029,L2446,2024-08-12,1276600.0,96
S0030,L1131,2023-10-14,2899000.0,14
S0031,L2508,2023-10-05,841400.0,167
S0032,L0259,2025-03-28,529400.0,163
S0033,L2333,2025-01-08,329100.0,93
S0034,L2682,2025-08-09,770100.0,129
S0035,L1031,2023-10-28,651300.0,77
S0036,L0984,2023-06-19,100000.0,110
S0037,L1816,2023-05-14,679900.0,13
S0038,L0803,2024-03-19,1616200.0,51
S0039,L0976,2024-08-11,1057500.0,163
S0040,L0876,2024-06-21,2428200.0,46
S0041,L0276,2024-08-22,1468600.0,134
S0042,L0722,2025-07-07,326000.0,66
S0043,L2519,2025-05-29,1297100.0,50
S0044,L0839,2023-12-09,849600.0,130
S0045,L2856,2024-11-19,1571100.0,110
S0046,L2173,2023-09-18,1794000.0,82
S0047,L1561,2024-12-29,950400.0,133
S0048,L1446,2025-03-20,677500.0,37
S0049,L1378,2023-06-10,445600.0,115
S0050,L1651,2025-05-16,2308700.0,162
S0051,L2259,2024-07-08,380300.0,122
S0052,L1397,2024-05-07,2200700.0,113
S0053,L2694,2025-01-05,2295600.0,82
S0054,L0243,2024-05-02,477500.0,8
S0055,L0641,2025-02-16,1068900.0,144
S0056,L0561,2025-04-26,291000.0,155
S0057,L0040,2024-03-17,434000.0,180
S0058,L2616,2023-07-02,1041200.0,102
S0059,L2177,2023-06-06,3039100.0,129
S0060,L0074,2024-01-10,437700.0,15
S0061,L1533,2025-04-13,3452600.0,178
S0062,L0779,2023-11-11,2473000.0,145
S0063,L2229,2023-08-11,832900.0,17
S0064,L2895,2024-03-11,911700.0,100
S0065,L1217,2025-03-15,2122800.0,135
S0066,L2032,2024-09-28,1193300.0,90
S0067,L2762,2023-07-16,214100.0,43
S0068,L2767,2025-06-23,1782900.0,18
S0069,L2362,2024-05-02,1326600.0,93
S0070,L2851,2025-02-04,3443400.0,127
S0071,L0627,2024-04-27,903300.0,169
S0072,L1843,2023-11-14,173600.0,39
S0073,L2434,2023-08-07,1496400.0,134
S0074,L1514,2023-03-02,433000.0,58
S0075,L0268,2023-06-02,3258100.0,5
S0076,L0870,2025-06-15,353100.0,145
S0077,L0755,2023-07-19,606500.0,22
S0078,L1147,2023-04-15,3318200.0,76
S0079,L1623,2024-07-04,565400.0,111
S0080,L1333,2024-10-14,683000.0,169
S0081,L0312,2025-05-03,597300.0,176
S0082,L2238,2025-08-06,1097500.0,130
S0083,L0774,2023-07-01,867300.0,36
S0084,L2799,2024-07-26,1761100.0,128
S0085,L1515,2023-09-13,514000.0,15
S0086,L2928,2025-03-16,415800.0,92
S0087,L0408,2024-05-19,790800.0,98
S0088,L1045,2024-07-11,3366400.0,5
S0089,L1781,2025-05-06,979800.0,166
S0090,L0465,2024-08-15,1280400.0,176
S0091,L2579,2025-01-08,2421200.0,180
S0092,L0686,2023-12-10,3376700.0,113
S0093,L0183,2025-02-04,1446500.0,46
S0094,L0469,2023-06-20,1668300.0,14
S0095,L1087,2025-06-24,861800.0,21
S0096,L0167,2023-06-22,946600.0,30
S0097,L1858,2023-04-30,1469500.0,98
S0098,L2416,2024-11-17,1160600.0,102
S0099,L2075,2025-02-06,2944500.0,151
S0100,L0925,2024-09-09,399000.0,54
S0101,L1125,2024-11-18,274700.0,145
S0102,L0075,2024-01-14,913600.0,106
S0103,L0023,2025-04-15,704900.0,147
S0104,L2929,2025-04-10,559200.0,118
S0105,L1822,2025-06-01,1432900.0,124
S0106,L0310,2025-08-17,1318800.0,82
S0107,L2816,2024-02-07,2003300.0,84
S0108,L2671,2023-10-19,526600.0,176
S0109,L1726,2025-07-30,719700.0,99
S0110,L2586,2025-08-29,1776200.0,103
S0111,L0246,2024-12-21,281300.0,106
S0112,L0410,2023-10-03,2753100.0,48
S0113,L0128,2024-01-31,1807800.0,154
S0114,L2301,2025-01-05,381600.0,100
S0115,L0903,2025-04-26,1003800.0,155
S0116,L0450,2024-02-24,272600.0,26
S0117,L1808,2023-08-26,1798100.0,39
S0118,L0990,2024-05-07,398400.0,91
S0119,L1266,2024-06-04,2706700.0,6
S0120,L2486,2024-05-28,666000.0,43
S0121,L2314,2024-10-27,1441700.0,178
S0122,L1763,2025-03-11,2445100.0,89
S0123,L0832,2025-02-19,1292500.0,34
S0124,L0718,2025-10-01,2742600.0,139
S0125,L0391,2024-12-16,1135400.0,20
S0126,L1508,2024-01-05,1978900.0,92
S0127,L1473,2023-07-15,785300.0,106
S0128,L0908,2024-06-17,2812700.0,52
S0129,L2665,2023-08-31,2905300.0,158
S0130,L0988,2023-03-26,404800.0,74
S0131,L2526,2023-03-02,1194400.0,27
S0132,L1902,2024-06-12,1343500.0,154
S0133,L1313,2024-02-08,676600.0,45
S0134,L0828,2023-05-19,2392200.0,25
S0135,L0417,2024-07-08,1167500.0,105
S0136,L2025,2024-07-04,145900.0,130
S0137,L1341,2023-09-23,2500500.0,75
S0138,L0538,2024-09-18,2170100.0,104
S0139,L2919,2025-01-26,263400.0,11
S0140,L1539,2025-09-30,2383300.0,137
S0141,L2889,2023-03-26,562200.0,29
S0142,L0758,2024-11-06,325300.0,95
S0143,L2707,2025-01-23,2651500.0,159
S0144,L0650,2023-08-25,2317600.0,45
S0145,L1047,2024-10-11,1774000.0,50
S0146,L0095,2023-12-14,1423600.0,70
S0147,L2626,2023-10-09,2282100.0,12
S0148,L2748,2024-06-08,850600.0,115
S0149,L0193,2023-06-30,1728700.0,93
S0150,L0135,2023-08-07,2320900.0,37
S0151,L0552,2025-11-18,797900.0,156
S0152,L1282,2024-07-25,1780600.0,177
S0153,L2351,2024-10-18,2044800.0,103
S0154,L0809,2023-12-07,1741700.0,148
S0155,L2024,2025-07-02,389600.0,91
S0156,L1369,2023-07-21,1410800.0,80
S0157,L2211,2025-04-28,914400.0,24
S0158,L0343,2025-05-03,1730700.0,128
S0159,L2184,2024-04-04,1454600.0,101
S0160,L0934,2025-06-10,1390500.0,93
S0161,L1408,2023-07-18,425700.0,19
S0162,L0157,2023-07-05,3268300.0,146
S0163,L2618,2025-08-05,1456900.0,120
S0164,L0185,2023-05-22,572500.0,139
S0165,L2859,2023-06-19,1333400.0,56
S0166,L0596,2024-09-05,709100.0,83
S0167,L2297,2023-09-01,488000.0,43
S0168,L1938,2023-06-28,3432200.0,20
S0169,L1096,2025-03-14,768600.0,96
S0170,L0053,2025-04-06,352400.0,62
S0171,L2749,2024-11-13,485300.0,100
S0172,L2174,2024-03-26,1841100.0,127
S0173,L2422,2025-03-08,2700900.0,52
S0174,L2012,2024-10-24,2716200.0,172
S0175,L1524,2023-11-15,414600.0,158
S0176,L2643,2024-01-19,740100.0,115
S0177,L2000,2025-07-13,1963300.0,162
S0178,L2117,2025-05-01,1412600.0,23
S0179,L1070,2025-05-23,1715500.0,22
S0180,L0559,2023-06-22,2412000.0,26
S0181,L0938,2023-12-27,2123100.0,127
S0182,L1419,2025-04-14,2851800.0,115
S0183,L0333,2024-06-06,345500.0,130
S0184,L2574,2025-04-12,802100.0,126
S0185,L2299,2024-06-11,280000.0,18
S0186,L2760,2025-04-07,275200.0,79
S0187,L0156,2025-05-01,1645900.0,47
S0188,L0656,2023-04-19,1017500.0,9
S0189,L1777,2023-06-08,1794400.0,145
S0190,L1274,2023-07-20,349300.0,9
S0191,L0743,2024-09-11,524200.0,27
S0192,L0453,2024-02-04,2071300.0,168
S0193,L2605,2024-10-18,1511900.0,65
S0194,L1236,2025-07-10,391400.0,70
S0195,L2398,2025-06-08,120800.0,89
S0196,L0572,2023-10-09,938300.0,28
S0197,L2182,2025-05-10,2477100.0,137
S0198,L2092,2023-09-11,101700.0,18
S0199,L2936,2023-09-19,568200.0,25
S0200,L0298,2024-05-29,1867000.0,41
S0201,L1588,2024-10-18,3676100.0,125
S0202,L0953,2024-10-23,2157100.0,120
S0203,L1141,2023-05-13,527800.0,58
S0204,L1170,2025-02-20,300500.0,15
S0205,L2827,2025-07-26,1822700.0,64
S0206,L1919,2025-03-04,2477100.0,107
S0207,L2663,2023-06-28,1101200.0,155
S0208,L2423,2025-06-06,568700.0,128
S0209,L0766,2025-05-28,1573400.0,122
S0210,L1987,2023-11-30,1718200.0,45
S0211,L2633,2025-10-15,1195900.0,121
S0212,L2546,2025-01-13,305000.0,123
S0213,L1705,2024-02-25,1469100.0,43
S0214,L2970,2025-10-14,1246200.0,155
S0215,L0815,2023-05-01,2160600.0,53
S0216,L2530,2024-02-18,1214200.0,83
S0217,L2752,2023-09-25,1148100.0,36
S0218,L0618,2024-09-28,2249000.0,165
S0219,L0024,2024-02-03,1331800.0,142
S0220,L1417,2024-01-15,2205400.0,36
S0221,L1511,2024-03-12,995200.0,69
S0222,L0330,2023-12-17,1569700.0,176
S0223,L1503,2023-12-03,1216100.0,70
S0224,L2794,2024-06-12,190900.0,147
S0225,L1906,2024-04-05,1709900.0,89
S0226,L2898,2023-05-29,505600.0,139
S0227,L1029,2023-11-19,2226500.0,167
S0228,L1455,2024-04-28,2225000.0,29
S0229,L2918,2024-12-11,736800.0,175
S0230,L0947,2024-09-28,1946600.0,88
S0231,L0046,2024-05-21,1117000.0,159
S0232,L1186,2025-08-19,669400.0,157
S0233,L0898,2025-03-07,687700.0,106
S0234,L1025,2024-11-22,3549500.0,119
S0235,L2554,2025-07-24,304800.0,91
S0236,L3000,2025-10-12,1220900.0,131
S0237,L2275,2024-02-08,605700.0,65
S0238,L0458,2025-07-10,739700.0,145
S0239,L1482,2024-07-30,1358100.0,116
S0240,L2323,2024-03-06,1916500.0,53
S0241,L2304,2024-09-13,1308100.0,139
S0242,L2096,2025-06-15,1926400.0,33
S0243,L0586,2024-12-15,1593800.0,35
S0244,L1594,2023-07-08,2398600.0,34
S0245,L2116,2024-11-13,2422800.0,150
S0246,L1927,2024-07-15,2354100.0,70
S0247,L1199,2024-02-08,720800.0,112
S0248,L1193,2023-08-23,617700.0,28
S0249,L0904,2025-01-06,875700.0,27
S0250,L0980,2025-09-12,1111900.0,93
S0251,L2018,2023-06-29,1024500.0,104
S0252,L0845,2023-10-07,910800.0,162
S0253,L0457,2023-08-03,997800.0,166
S0254,L1078,2024-01-12,503900.0,92
S0255,L2584,2025-03-19,391600.0,101
S0256,L0047,2024-10-02,679400.0,51
S0257,L0585,2023-05-08,3105800.0,102
S0258,L2496,2024-04-01,279900.0,21
S0259,L0087,2024-10-01,1879400.0,8
S0260,L0932,2025-01-12,1481500.0,74
S0261,L0083,2025-08-25,1013700.0,80
S0262,L0208,2024-01-09,1909100.0,46
S0263,L2233,2024-06-25,1131000.0,123
S0264,L0436,2023-09-01,3250900.0,20
S0265,L0031,2025-01-16,1173200.0,80
S0266,L0910,2024-07-08,1436800.0,55
S0267,L2488,2023-06-15,763400.0,140
S0268,L0372,2023-10-17,2215200.0,92
S0269,L0288,2024-12-26,1563700.0,148
S0270,L0476,2025-03-28,821000.0,74
S0271,L2634,2024-05-27,1311000.0,175
S0272,L1228,2025-04-17,1995500.0,97
S0273,L0052,2023-07-01,736900.0,65
S0274,L2014,2023-06-29,1626400.0,109
S0275,L1411,2024-03-30,1492200.0,73
S0276,L1531,2023-10-29,1986100.0,51
S0277,L2340,2024-10-03,670900.0,61
S0278,L1918,2023-08-27,1190300.0,112
S0279,L2202,2024-12-02,3841700.0,137
S0280,L1790,2025-03-15,598600.0,132
S0281,L0690,2024-09-04,133400.0,128
S0282,L0295,2025-03-07,949100.0,18
S0283,L1706,2024-12-09,1718300.0,132
S0284,L0881,2024-10-12,1246900.0,136
S0285,L1034,2023-11-17,2937100.0,41
S0286,L2073,2023-08-03,4084100.0,101
S0287,L1252,2024-06-04,1288900.0,85
S0288,L1180,2024-04-05,2388700.0,97
S0289,L0960,2025-08-24,163800.0,158
S0290,L0244,2023-11-01,701600.0,138
S0291,L1367,2025-08-09,1396000.0,57
S0292,L0874,2024-09-05,3354600.0,115
S0293,L1234,2024-05-07,188300.0,81
S0294,L1069,2025-02-22,1611700.0,73
S0295,L2598,2023-11-15,1897100.0,5
S0296,L1962,2024-11-18,2593200.0,157
S0297,L1379,2023-12-17,511800.0,43
S0298,L1453,2023-10-29,396400.0,136
S0299,L2742,2024-10-21,1639500.0,64
S0300,L2109,2025-02-25,1440600.0,146
S0301,L0606,2023-09-28,1123300.0,170
S0302,L0939,2024-11-14,1180300.0,130
S0303,L2272,2024-12-20,3865100.0,53
S0304,L2835,2025-03-08,980600.0,53
S0305,L2164,2023-07-02,3243000.0,14
S0306,L2602,2025-07-13,697600.0,95
S0307,L2185,2025-03-23,1663900.0,170
S0308,L2287,2025-06-11,1852000.0,47
S0309,L0400,2024-10-25,1547200.0,114
S0310,L1615,2024-03-10,1241500.0,17
S0311,L0329,2025-08-13,1498400.0,114
S0312,L0955,2023-06-27,2154100.0,67
S0313,L1873,2025-06-20,2018500.0,115
S0314,L2675,2023-06-20,965300.0,110
S0315,L0350,2024-07-20,2848500.0,13
S0316,L2381,2024-01-29,1544900.0,24
S0317,L1340,2023-11-30,1081400.0,16
S0318,L2112,2024-09-26,566000.0,129
S0319,L2976,2023-04-12,2263600.0,65
S0320,L0119,2024-10-26,923900.0,140
S0321,L2010,2024-07-05,1119800.0,80
S0322,L2901,2023-10-08,1167100.0,51
S0323,L0588,2024-09-16,946700.0,85
S0324,L1985,2025-07-28,1879200.0,62
S0325,L0500,2023-12-15,1653100.0,113
S0326,L1260,2025-11-08,1053100.0,174
S0327,L1560,2025-06-03,284700.0,52
S0328,L0915,2023-06-28,3156700.0,28
S0329,L1429,2025-01-30,945700.0,173
S0330,L2983,2023-05-24,2798100.0,35
S0331,L1206,2023-11-16,2101400.0,141
S0332,L0584,2023-09-23,2736600.0,12
S0333,L2188,2023-12-20,498700.0,23
S0334,L2714,2024-05-05,526900.0,26
S0335,L2912,2024-06-13,2906400.0,169
S0336,L2129,2024-01-29,793300.0,122
S0337,L1697,2025-03-03,723700.0,152
S0338,L0880,2023-05-23,958600.0,90
S0339,L2588,2023-11-06,1117300.0,60
S0340,L2225,2024-01-19,1048200.0,122
S0341,L1819,2025-04-24,1602000.0,120
S0342,L0726,2024-10-28,2659300.0,139
S0343,L0216,2023-11-24,2058800.0,55
S0344,L0858,2025-01-31,3588200.0,103
S0345,L0684,2025-07-12,1920000.0,75
S0346,L0817,2023-11-17,410000.0,161
S0347,L2152,2024-04-14,333800.0,57
S0348,L0914,2025-09-22,857400.0,127
S0349,L0635,2023-08-20,302000.0,7
S0350,L0520,2025-01-22,2633600.0,6
S0351,L1973,2023-07-23,1811800.0,102
S0352,L0249,2025-05-24,2608500.0,43
S0353,L1279,2024-12-18,501400.0,50
S0354,L2497,2025-07-21,3375000.0,170
S0355,L1072,2023-06-10,474500.0,37
S0356,L2751,2025-09-19,629600.0,166
S0357,L0576,2024-11-16,843500.0,78
S0358,L1954,2023-02-05,2090500.0,32
S0359,L2754,2024-11-25,917200.0,93
S0360,L0117,2024-11-04,1023000.0,174
S0361,L2813,2023-09-04,925600.0,142
S0362,L1556,2025-01-21,945900.0,79
S0363,L1445,2024-05-04,2089100.0,94
S0364,L1405,2024-08-21,885400.0,171
S0365,L2252,2023-06-26,1733200.0,131
S0366,L1326,2023-11-28,675600.0,65
S0367,L2528,2024-06-24,320500.0,54
S0368,L0740,2024-07-19,1290600.0,99
S0369,L1075,2023-12-08,1019000.0,100
S0370,L2778,2025-08-25,1739900.0,87
S0371,L2293,2024-01-19,367300.0,114
S0372,L0207,2023-06-23,568400.0,44
S0373,L0678,2025-03-18,1477100.0,81
S0374,L0966,2024-06-02,417400.0,104
S0375,L1016,2025-01-24,2362900.0,129
S0376,L0495,2025-08-04,1196600.0,152
S0377,L0120,2023-09-21,2256700.0,170
S0378,L2080,2023-09-28,1461300.0,160
S0379,L2914,2024-08-21,2844900.0,30
S0380,L2066,2023-11-30,384600.0,29
S0381,L1452,2025-09-15,3049300.0,99
S0382,L1145,2023-11-20,1825600.0,19
S0383,L2197,2024-11-11,2383800.0,159
S0384,L0098,2024-04-04,2746400.0,116
S0385,L1335,2023-12-26,843600.0,103
S0386,L0381,2024-03-29,1069200.0,176
S0387,L1037,2025-08-22,1045100.0,85
S0388,L2627,2025-06-30,1793100.0,149
S0389,L2115,2024-07-24,174900.0,97
S0390,L2138,2025-07-09,423300.0,22
S0391,L0721,2023-11-04,218600.0,9
S0392,L1941,2023-06-21,2599500.0,88
S0393,L0924,2024-09-30,354600.0,11
S0394,L2824,2023-07-11,354900.0,166
S0395,L2808,2023-06-04,489200.0,128
S0396,L1092,2024-11-12,788500.0,74
S0397,L2369,2023-05-23,425500.0,42
S0398,L0189,2024-05-24,1784100.0,39
S0399,L2402,2023-07-19,955800.0,156
S0400,L2348,2023-11-07,2428400.0,49
S0401,L1062,2024-07-24,502300.0,40
S0402,L1148,2025-06-30,324000.0,26
S0403,L2038,2025-01-02,792400.0,172
S0404,L0374,2024-08-25,1214100.0,136
S0405,L2668,2023-11-25,1747900.0,33
S0406,L0271,2023-12-31,534400.0,119
S0407,L0827,2023-06-11,284900.0,121
S0408,L0591,2024-06-18,696400.0,30
S0409,L1214,2024-02-26,820100.0,22
S0410,L2839,2024-07-01,2636200.0,70
S0411,L1665,2024-11-13,650800.0,156
S0412,L0614,2025-07-29,540600.0,179
S0413,L0294,2023-09-11,2882500.0,87
S0414,L1168,2025-08-15,793300.0,68
S0415,L1676,2024-05-13,2923400.0,167
S0416,L0389,2024-11-07,1660300.0,92
S0417,L0952,2023-11-04,907900.0,31
S0418,L0888,2024-01-02,694200.0,112
S0419,L1439,2023-12-28,253900.0,66
S0420,L1068,2023-07-28,1319800.0,78
S0421,L1794,2024-11-20,295500.0,136
S0422,L0775,2025-06-01,2172400.0,108
S0423,L1013,2024-05-23,769100.0,72
S0424,L1934,2024-01-22,2247200.0,81
S0425,L0241,2024-01-24,635300.0,17
S0426,L0692,2025-03-06,3045600.0,102
S0427,L1318,2024-01-22,744200.0,132
S0428,L1320,2024-10-10,1763200.0,151
S0429,L1422,2023-07-11,1521400.0,88
S0430,L1601,2023-06-07,2447200.0,140
S0431,L0783,2025-09-29,492200.0,114
S0432,L1192,2024-04-30,1047600.0,138
S0433,L2251,2024-01-07,1722600.0,93
S0434,L0491,2024-05-17,1507500.0,174
S0435,L2906,2024-12-22,1435900.0,104
S0436,L0470,2024-05-25,928300.0,16
S0437,L1448,2024-01-22,1968100.0,126
S0438,L1898,2024-06-18,442100.0,20
S0439,L1862,2024-04-13,2393400.0,106
S0440,L0454,2023-12-05,1571000.0,18
S0441,L2693,2025-09-09,2395300.0,139
S0442,L0232,2023-11-24,1703200.0,12
S0443,L1844,2024-04-13,2384700.0,97
S0444,L1032,2024-11-11,738900.0,178
S0445,L2313,2023-11-29,347800.0,50
S0446,L0554,2024-11-25,1679600.0,91
S0447,L0590,2024-12-01,298200.0,56
S0448,L0773,2023-12-19,1137100.0,102
S0449,L2536,2023-11-17,231300.0,14
S0450,L1757,2023-05-22,322300.0,36
S0451,L2664,2024-03-11,1080100.0,81
S0452,L2977,2024-07-01,2214000.0,15
S0453,L0560,2025-10-16,2065000.0,166
S0454,L2181,2023-05-13,1697400.0,106
S0455,L1498,2024-04-25,734300.0,167
S0456,L0431,2023-07-04,773300.0,163
S0457,L1061,2025-09-30,951900.0,116
S0458,L2737,2023-10-14,1586600.0,84
S0459,L2431,2024-06-10,1272000.0,101
S0460,L0001,2024-04-14,178700.0,87
S0461,L2100,2023-12-13,1998200.0,152
S0462,L2790,2024-04-03,2208500.0,91
S0463,L1835,2023-11-04,3825800.0,111
S0464,L1140,2025-06-04,853400.0,61
S0465,L1299,2025-02-18,1343500.0,165
S0466,L1854,2023-08-28,668200.0,23
S0467,L1128,2024-12-27,1656300.0,24
S0468,L1529,2024-08-27,556300.0,36
S0469,L1686,2023-04-12,2543700.0,60
S0470,L1430,2024-06-19,915000.0,53
S0471,L2382,2024-07-26,479600.0,11
S0472,L2475,2024-08-11,433600.0,132
S0473,L0616,2024-12-31,488400.0,158
S0474,L1522,2024-07-11,1883300.0,29
S0475,L0073,2025-03-26,319800.0,108
S0476,L1999,2024-04-15,1101000.0,7
S0477,L1759,2024-06-13,2770000.0,103
S0478,L0780,2024-11-26,1892300.0,174
S0479,L0930,2023-09-17,629900.0,55
S0480,L1946,2024-06-14,162200.0,87
S0481,L0945,2024-09-06,753300.0,59
S0482,L1702,2024-07-20,2036900.0,21
S0483,L1182,2024-06-26,1602000.0,40
S0484,L0825,2024-09-28,1791900.0,16
S0485,L2995,2023-10-21,1253400.0,18
S0486,L2520,2023-12-28,616100.0,157
S0487,L2030,2024-07-03,167700.0,164
S0488,L0460,2024-08-28,3258400.0,72
S0489,L0741,2024-01-23,3319800.0,136
S0490,L0402,2024-02-15,2515300.0,156
S0491,L1197,2023-12-15,1291000.0,129
S0492,L2691,2024-05-28,1387400.0,137
S0493,L1000,2025-07-18,3939600.0,91
S0494,L0218,2025-02-20,3273200.0,99
S0495,L2045,2024-11-25,927600.0,110
S0496,L2890,2023-02-02,795800.0,14
S0497,L0238,2025-07-11,653400.0,62
S0498,L2490,2023-02-14,721900.0,33
S0499,L1347,2024-10-23,1044200.0,39
S0500,L2955,2024-10-17,1013900.0,107
S0501,L2830,2023-09-01,1344300.0,130
S0502,L0085,2024-03-26,1698500.0,87
S0503,L1054,2024-04-12,2567000.0,95
S0504,L0704,2023-09-20,1324800.0,165
S0505,L2209,2025-08-27,2619600.0,124
S0506,L1608,2024-02-18,724600.0,28
S0507,L2998,2024-05-22,966200.0,112
S0508,L0612,2024-01-12,97900.0,63
S0509,L0982,2024-05-08,1221200.0,5
S0510,L0272,2024-11-02,1357700.0,27
S0511,L0204,2024-06-12,290900.0,15
S0512,L2659,2023-12-18,1118100.0,169
S0513,L1654,2024-03-21,744300.0,163
S0514,L1471,2024-05-17,1313600.0,173
S0515,L1310,2024-02-08,2493100.0,139
S0516,L2037,2024-05-02,260400.0,73
S0517,L1153,2023-10-11,2106900.0,130
S0518,L1955,2023-09-05,3471400.0,28
S0519,L1083,2025-07-15,657700.0,154
S0520,L2753,2023-04-14,408300.0,97
S0521,L2471,2024-05-16,2704700.0,49
S0522,L0820,2024-05-27,3362600.0,93
S0523,L1622,2023-12-12,2086900.0,132
S0524,L1612,2023-11-14,505800.0,54
S0525,L2680,2024-12-06,588900.0,146
S0526,L2841,2024-10-14,327500.0,20
S0527,L2943,2025-05-13,1119900.0,12
S0528,L0589,2023-08-30,2823100.0,69
S0529,L2622,2025-04-12,2044000.0,23
S0530,L1639,2024-08-06,865800.0,123
S0531,L2999,2023-05-13,1803100.0,104
S0532,L2132,2023-08-25,1205100.0,100
S0533,L2578,2024-05-19,1580900.0,125
S0534,L1221,2024-01-19,507800.0,81
S0535,L0190,2023-09-23,445500.0,133
S0536,L2656,2023-12-09,526700.0,49
S0537,L2623,2025-03-12,513000.0,49
S0538,L2426,2024-07-20,2166000.0,69
S0539,L1869,2024-11-20,171300.0,43
S0540,L2619,2025-06-09,1267200.0,164
S0541,L0016,2025-01-23,3489200.0,78
S0542,L0868,2024-09-23,1442400.0,147
S0543,L2397,2025-11-11,135300.0,176
S0544,L0834,2024-07-23,214900.0,127
S0545,L2606,2023-08-26,949800.0,166
S0546,L1603,2024-04-01,470300.0,155
S0547,L1146,2024-11-11,428800.0,165
S0548,L1948,2025-01-08,277400.0,158
S0549,L0805,2024-11-23,410100.0,44
S0550,L1491,2024-01-17,781300.0,140
S0551,L0897,2023-09-07,2211800.0,120
S0552,L1377,2023-12-09,1599600.0,27
S0553,L1596,2025-01-23,83400.0,93
S0554,L0672,2024-06-26,486300.0,66
S0555,L2545,2023-09-29,747000.0,55
S0556,L1330,2025-01-25,2831600.0,138
S0557,L2481,2023-12-30,1863900.0,136
S0558,L0613,2023-11-25,700000.0,48
S0559,L1708,2024-10-18,838700.0,97
S0560,L0547,2024-06-12,558700.0,20
S0561,L1695,2024-09-13,633800.0,165
S0562,L2562,2024-01-03,975700.0,83
S0563,L2818,2025-08-08,2418000.0,104
S0564,L2153,2025-09-25,491400.0,173
S0565,L2207,2024-01-31,812000.0,128
S0566,L0648,2024-06-18,931100.0,91
S0567,L1678,2023-10-13,616100.0,30
S0568,L1957,2023-06-22,903000.0,100
S0569,L0252,2023-07-12,813300.0,23
S0570,L0368,2025-02-19,691300.0,140
S0571,L0855,2025-07-16,1749400.0,154
S0572,L1766,2024-11-25,1128300.0,141
S0573,L2926,2023-11-10,1546400.0,113
S0574,L2389,2025-06-12,237500.0,148
S0575,L0378,2024-02-11,410000.0,13
S0576,L1690,2024-09-06,2224600.0,49
S0577,L1587,2023-12-09,650800.0,100
S0578,L1800,2024-03-01,671000.0,173
S0579,L2450,2025-02-13,713300.0,47
S0580,L0764,2025-03-20,843700.0,72
S0581,L2669,2025-06-11,1371800.0,78
S0582,L0493,2023-03-19,3430700.0,58
S0583,L1875,2024-07-09,1762800.0,144
S0584,L2538,2023-03-26,1662200.0,27
S0585,L2672,2024-12-29,764400.0,59
S0586,L1135,2024-02-14,267400.0,125
S0587,L0275,2024-06-29,1017000.0,53
S0588,L1223,2023-06-30,1636300.0,79
S0589,L2566,2023-09-04,2477400.0,62
S0590,L1993,2024-06-07,1898200.0,75
S0591,L1963,2025-02-10,1046900.0,75
S0592,L0731,2025-05-26,346800.0,100
S0593,L0099,2023-09-01,745000.0,118
S0594,L2599,2024-02-11,610100.0,169
S0595,L1400,2023-06-27,292400.0,109
S0596,L2608,2024-02-07,926100.0,134
S0597,L0917,2024-05-11,2066400.0,119
S0598,L1813,2025-08-12,1450300.0,100
S0599,L2424,2023-07-07,1383500.0,112
S0600,L1870,2025-06-14,433100.0,95
S0601,L0415,2024-12-17,1865800.0,28
S0602,L1783,2023-10-23,2741400.0,147
S0603,L0564,2023-07-01,529200.0,24
S0604,L1885,2024-04-07,440600.0,18
S0605,L1634,2024-06-03,1565500.0,28
S0606,L2996,2024-06-24,1617600.0,45
S0607,L1120,2023-12-21,1058400.0,177
S0608,L1003,2025-06-10,1939900.0,77
S0609,L2358,2023-09-08,719200.0,149
S0610,L1677,2025-06-30,2282100.0,86
S0611,L0205,2024-01-03,2995600.0,79
S0612,L1643,2023-09-03,584600.0,145
S0613,L0905,2025-06-09,2190600.0,90
S0614,L0159,2023-01-23,483700.0,12
S0615,L2387,2025-03-16,1115500.0,62
S0616,L1908,2025-04-15,1461100.0,8
S0617,L2829,2024-11-24,1011200.0,74
S0618,L0709,2023-05-24,3131200.0,124
S0619,L0852,2024-03-15,1173300.0,32
S0620,L0886,2024-09-11,3565800.0,14
S0621,L2276,2025-01-23,702900.0,123
S0622,L0313,2025-08-26,172000.0,156
S0623,L1942,2025-06-27,2426500.0,152
S0624,L2049,2023-09-19,637500.0,30
S0625,L2476,2024-06-05,210900.0,10
S0626,L0838,2025-03-28,886800.0,138
S0627,L1495,2025-02-21,2370700.0,24
S0628,L1716,2024-02-26,1910700.0,154
S0629,L0906,2023-08-25,667700.0,113
S0630,L0759,2023-07-01,407200.0,113
S0631,L0305,2024-07-22,440000.0,125
S0632,L0445,2024-12-29,1626600.0,139
S0633,L2063,2024-07-25,479700.0,131
S0634,L1859,2024-12-01,1102100.0,141
S0635,L2270,2025-05-12,1373900.0,113
S0636,L0424,2023-03-21,552100.0,56
S0637,L1574,2025-08-06,266300.0,99
S0638,L0582,2024-09-18,690400.0,98
S0639,L1570,2023-11-23,1734300.0,20
S0640,L2350,2025-08-30,1629100.0,91
S0641,L2155,2023-11-18,1377700.0,26
S0642,L1956,2023-05-06,1090600.0,107
S0643,L2580,2025-01-16,385700.0,147
S0644,L0901,2023-09-10,747700.0,144
S0645,L1345,2023-04-29,295100.0,25
S0646,L0480,2025-07-21,460700.0,130
S0647,L0197,2024-11-08,1769200.0,130
S0648,L1447,2024-06-26,686600.0,19
S0649,L1894,2023-12-29,661500.0,34
S0650,L2925,2025-01-07,964400.0,108
S0651,L1225,2024-07-17,2147000.0,100
S0652,L1230,2023-07-24,455800.0,102
S0653,L1688,2023-11-05,675900.0,11
S0654,L2144,2023-06-02,561100.0,56
S0655,L2893,2023-12-13,3033600.0,52
S0656,L0009,2024-09-20,384000.0,55
S0657,L0151,2025-08-31,225000.0,176
S0658,L1205,2024-12-27,2855100.0,93
S0659,L1837,2024-01-28,2783700.0,167
S0660,L2822,2025-07-22,462300.0,95
S0661,L1871,2023-03-20,946700.0,32
S0662,L0671,2024-01-28,704100.0,93
S0663,L0959,2023-07-17,3009900.0,48
S0664,L1633,2024-10-27,1222800.0,20
S0665,L0407,2024-10-11,462300.0,118
S0666,L1590,2024-12-11,965300.0,162
S0667,L2532,2023-07-29,1482800.0,16
S0668,L0632,2023-07-18,318200.0,80
S0669,L2905,2024-02-24,1791700.0,18
S0670,L2231,2024-11-24,357000.0,106
S0671,L1823,2025-08-07,2743300.0,52
S0672,L0544,2024-04-18,1859100.0,41
S0673,L1613,2023-07-27,1423000.0,43
S0674,L2844,2024-11-08,1387800.0,96
S0675,L2932,2024-04-29,262200.0,48
S0676,L2746,2023-06-04,2353900.0,149
S0677,L1749,2024-02-29,1084300.0,56
S0678,L2007,2024-05-08,567900.0,38
S0679,L1856,2023-06-04,1538100.0,15
S0680,L1752,2024-07-27,3087600.0,99
S0681,L2515,2025-02-04,1263800.0,170
S0682,L1537,2024-12-24,569100.0,132
S0683,L1580,2023-03-24,183600.0,66
S0684,L0944,2025-01-18,635500.0,66
S0685,L1525,2023-12-28,1468000.0,100
S0686,L0525,2025-05-15,2987600.0,20
S0687,L1947,2025-07-12,666700.0,137
S0688,L0978,2025-04-22,317000.0,107
S0689,L2951,2023-10-19,296800.0,149
S0690,L2745,2023-09-01,1969900.0,118
S0691,L0076,2023-05-09,996400.0,76
S0692,L1855,2025-03-28,785200.0,112
S0693,L1480,2024-11-09,2330900.0,81
S0694,L1507,2025-06-19,1296000.0,163
S0695,L2770,2024-09-12,175500.0,22
S0696,L1052,2025-08-08,258500.0,59
S0697,L0038,2025-02-07,1636400.0,138
S0698,L2290,2023-02-13,915900.0,14
S0699,L1130,2024-05-15,2120700.0,42
S0700,L0468,2025-04-29,704600.0,140
S0701,L0802,2024-09-10,181700.0,48
S0702,L2091,2024-12-11,1025500.0,118
S0703,L0948,2025-10-11,770200.0,129
S0704,L2051,2024-11-22,1334800.0,117
S0705,L0209,2025-06-23,290900.0,22
S0706,L0401,2023-09-11,1394700.0,81
S0707,L2491,2023-12-17,2526800.0,77
S0708,L1882,2023-03-24,1225800.0,37
S0709,L1300,2023-09-21,963500.0,41
S0710,L2493,2023-11-24,455800.0,108
S0711,L2938,2025-08-03,1427800.0,72
S0712,L0537,2023-07-11,980400.0,155
S0713,L0019,2025-04-19,1539500.0,92
S0714,L1922,2025-01-24,564900.0,72
S0715,L0050,2023-06-29,1993000.0,155
S0716,L2485,2023-09-04,1725700.0,136
S0717,L1980,2024-08-01,1414200.0,20
S0718,L2059,2023-12-05,602800.0,53
S0719,L2200,2024-05-13,1621200.0,31
S0720,L1647,2024-11-30,151700.0,145
S0721,L0507,2023-05-12,2521600.0,89
S0722,L2756,2024-02-12,2020700.0,93
S0723,L0714,2025-10-26,2848400.0,145
S0724,L2516,2024-11-04,564900.0,168
S0725,L2550,2025-01-27,1332500.0,144
S0726,L0282,2024-06-27,1972000.0,137
S0727,L2380,2024-08-19,188100.0,29
S0728,L1747,2024-08-04,1575600.0,76
S0729,L2858,2025-02-16,298100.0,81
S0730,L0165,2024-06-04,2348400.0,71
S0731,L0701,2023-07-27,390700.0,48
S0732,L2263,2025-08-09,2087500.0,142
S0733,L2460,2023-11-04,1331300.0,47
S0734,L2863,2023-04-01,842500.0,82
S0735,L0108,2024-05-15,1664400.0,28
S0736,L0593,2025-09-19,97700.0,129
S0737,L0700,2024-05-08,1213800.0,97
S0738,L0736,2024-12-02,1258000.0,144
S0739,L1233,2023-11-20,520900.0,18
S0740,L2343,2024-06-17,1007800.0,116
S0741,L1589,2023-08-16,2277900.0,74
S0742,L1775,2023-04-18,2126700.0,22
S0743,L0342,2023-03-10,434400.0,30
S0744,L1693,2024-12-27,551700.0,74
S0745,L2474,2023-09-21,1061200.0,146
S0746,L0379,2025-03-27,1605600.0,109
S0747,L2833,2024-04-01,1462900.0,50
S0748,L2874,2023-06-27,2846300.0,154
S0749,L1774,2024-07-24,2684600.0,161
S0750,L1631,2025-02-22,1815100.0,46
S0751,L2391,2023-08-02,435900.0,28
S0752,L0751,2024-02-07,3121200.0,125
S0753,L1653,2023-03-06,230400.0,45
S0754,L1454,2023-08-10,101200.0,22
S0755,L2040,2023-03-24,427100.0,13
S0756,L0215,2023-07-29,1281700.0,76
S0757,L1224,2023-12-07,1797500.0,154
S0758,L0895,2023-11-07,1172300.0,6
S0759,L2331,2025-07-21,696700.0,116
S0760,L2171,2025-04-02,1573500.0,104
S0761,L0824,2024-11-22,2206600.0,105
S0762,L0808,2025-05-04,500200.0,130
S0763,L0720,2024-02-10,1013800.0,122
S0764,L0810,2023-09-28,2917100.0,130
S0765,L2139,2023-07-28,249200.0,139
S0766,L1086,2024-12-14,2298600.0,130
S0767,L0104,2023-05-13,1209400.0,84
S0768,L2989,2023-06-04,464900.0,9
S0769,L0767,2024-01-02,929900.0,78
S0770,L1620,2024-05-24,659600.0,23
S0771,L0319,2023-09-11,2007700.0,175
S0772,L1865,2024-06-28,412700.0,56
S0773,L1660,2023-11-13,412000.0,165
S0774,L1044,2023-06-26,1605700.0,28
S0775,L1497,2023-05-29,3486400.0,123
S0776,L2417,2025-03-26,242400.0,24
S0777,L1821,2024-09-13,1295700.0,174
S0778,L1215,2024-04-21,2228600.0,157
S0779,L0687,2024-09-06,420700.0,7
S0780,L1820,2023-11-30,1020300.0,137
S0781,L0859,2025-10-15,654200.0,149
S0782,L1291,2024-05-22,789900.0,34
S0783,L1073,2023-10-25,1707400.0,72
S0784,L0227,2024-06-04,487500.0,19
S0785,L1872,2024-04-24,672900.0,175
S0786,L0106,2023-06-23,1680900.0,37
S0787,L1319,2024-03-16,1558300.0,118
S0788,L1229,2025-03-17,1036400.0,29
S0789,L2795,2023-11-11,2262800.0,17
S0790,L0633,2024-02-24,1586800.0,133
S0791,L2354,2025-05-23,2389700.0,151
S0792,L2441,2023-08-27,417300.0,72
S0793,L2950,2024-01-31,646300.0,168
S0794,L1098,2025-08-08,2591400.0,98
S0795,L1591,2024-06-08,480800.0,106
S0796,L2864,2024-06-01,2586900.0,25
S0797,L0581,2023-03-13,1106600.0,28
S0798,L1692,2023-05-29,1327600.0,103
S0799,L2630,2024-05-08,1854400.0,131
S0800,L2774,2025-01-23,1750900.0,161
S0801,L1931,2024-12-09,691000.0,74
S0802,L2561,2024-03-07,1179500.0,108
S0803,L2053,2024-05-19,295000.0,76
S0804,L2230,2024-07-17,1863400.0,131
S0805,L2524,2024-06-05,1313900.0,70
S0806,L1679,2025-01-29,1878200.0,28
S0807,L0179,2025-05-04,422800.0,135
S0808,L2008,2024-11-05,2420200.0,76
S0809,L2325,2023-09-22,945300.0,47
S0810,L2907,2023-07-11,96100.0,46
S0811,L2603,2025-02-27,226800.0,70
S0812,L0118,2023-09-01,791000.0,39
S0813,L0325,2024-01-04,2421700.0,78
S0814,L2661,2023-06-21,1293100.0,35
S0815,L1930,2023-04-16,2044900.0,8
S0816,L1925,2024-12-22,182300.0,136
S0817,L1646,2024-10-12,250000.0,15
S0818,L2326,2024-04-20,357600.0,133
S0819,L0191,2025-02-19,244400.0,148
S0820,L2245,2024-02-03,2324600.0,24
S0821,L0733,2024-07-16,766500.0,153
S0822,L2640,2025-02-23,1640000.0,175
S0823,L0057,2023-12-27,787800.0,128
S0824,L0102,2024-01-08,116500.0,163
S0825,L1024,2025-02-21,1259600.0,13
S0826,L1762,2024-09-03,1672300.0,142
S0827,L1262,2023-10-17,509200.0,28
S0828,L0536,2023-07-02,2916200.0,132
S0829,L0890,2024-11-24,1102700.0,89
S0830,L2759,2023-10-31,1012500.0,87
S0831,L2465,2024-02-19,1004700.0,33
S0832,L2548,2024-05-30,1380900.0,75
S0833,L1017,2025-06-21,1169700.0,160
S0834,L2840,2023-08-11,2087500.0,43
S0835,L1309,2023-08-08,1133900.0,175
S0836,L2512,2024-05-09,717000.0,154
S0837,L0578,2023-08-14,682600.0,30
S0838,L0122,2025-03-15,293800.0,29
S0839,L2811,2024-11-14,430000.0,96
S0840,L0416,2025-08-22,653400.0,99
S0841,L0677,2023-09-08,562400.0,73
S0842,L1065,2025-04-08,1428700.0,117
S0843,L2952,2024-05-06,1096800.0,91
S0844,L1645,2025-05-30,2565800.0,60
S0845,L0762,2023-03-24,1386200.0,35
S0846,L2604,2023-10-09,301000.0,170
S0847,L2700,2023-02-27,1140500.0,57
S0848,L2855,2023-08-10,2531700.0,176
S0849,L0694,2025-03-16,594700.0,95
S0850,L1479,2023-11-07,2509900.0,106
S0851,L1057,2024-01-02,925500.0,73
S0852,L2266,2025-05-26,413300.0,164
S0853,L1035,2024-09-29,1597000.0,44
S0854,L0434,2025-02-21,1015000.0,112
S0855,L0327,2024-04-08,544000.0,144
S0856,L2910,2023-04-05,1534500.0,30
S0857,L1650,2025-08-18,1648300.0,80
S0858,L1366,2024-07-18,1371900.0,146
S0859,L2698,2023-10-12,224900.0,102
S0860,L1426,2024-07-24,622200.0,65
S0861,L0653,2023-08-02,884300.0,36
S0862,L1349,2024-09-20,890800.0,70
S0863,L1283,2025-07-31,406600.0,57
S0864,L2692,2025-03-07,2303400.0,154
S0865,L2896,2024-06-18,2093000.0,62
S0866,L2448,2024-12-13,2789200.0,32
S0867,L2166,2023-08-20,823400.0,24
S0868,L1703,2025-07-20,1159800.0,52
S0869,L2886,2024-03-12,995200.0,175
S0870,L1728,2025-03-28,1058000.0,104
S0871,L1242,2024-10-14,2955500.0,33
S0872,L2635,2025-03-23,783600.0,101
S0873,L0107,2023-06-20,519400.0,90
S0874,L0724,2023-12-20,1859200.0,71
S0875,L1670,2024-02-03,859900.0,5
S0876,L0605,2024-02-15,3352900.0,112
S0877,L2095,2025-01-20,1107500.0,38
S0878,L1975,2025-05-31,370000.0,146
S0879,L1519,2024-10-10,1379300.0,77
S0880,L2796,2024-07-16,1819400.0,100
S0881,L0626,2023-11-14,822700.0,113
S0882,L2711,2023-06-05,2495500.0,127
S0883,L0785,2023-06-17,3730600.0,56
S0884,L2336,2023-10-20,1329800.0,99
S0885,L1175,2025-02-16,163000.0,67
S0886,L2452,2024-12-12,1026700.0,75
S0887,L0042,2024-07-01,2511400.0,94
S0888,L1661,2023-07-27,1047100.0,177
S0889,L2400,2025-02-12,1827100.0,94
S0890,L1227,2024-08-12,766500.0,41
S0891,L0969,2024-02-11,3037300.0,71
S0892,L0727,2024-01-14,237800.0,134
S0893,L2090,2025-05-14,275800.0,101
S0894,L2050,2024-01-18,750200.0,179
S0895,L1500,2024-10-24,3086600.0,129
S0896,L1188,2023-12-19,1803200.0,6
S0897,L2309,2023-08-14,1812600.0,15
S0898,L0161,2024-09-22,840400.0,20
S0899,L0088,2023-10-07,278600.0,149
S0900,L1698,2025-05-26,969100.0,177
S0901,L0466,2024-04-08,616800.0,68
S0902,L0527,2024-06-15,1243600.0,118
S0903,L2653,2024-01-13,414100.0,159
S0904,L1935,2025-03-27,688100.0,50
S0905,L0293,2024-04-19,1825700.0,68
S0906,L2505,2024-12-14,834800.0,122
S0907,L2150,2024-05-26,281300.0,10
S0908,L1243,2023-05-13,275500.0,51
S0909,L0242,2023-10-25,389500.0,96
S0910,L2028,2025-05-20,606500.0,53
S0911,L0394,2024-01-18,3098200.0,150
S0912,L0429,2024-05-18,2058500.0,48
S0913,L0916,2025-03-17,2696700.0,43
S0914,L1730,2024-11-11,92600.0,135
S0915,L1040,2024-04-15,179200.0,111
S0916,L1737,2025-01-11,779200.0,102
S0917,L0222,2023-04-15,346900.0,49
S0918,L1577,2024-07-06,143900.0,77
S0919,L1913,2024-04-29,1498500.0,9
S0920,L1287,2024-08-03,225700.0,25
S0921,L2215,2024-04-22,736300.0,132
S0922,L0776,2023-11-22,2259800.0,163
S0923,L0412,2025-05-07,2190200.0,44
S0924,L0583,2025-04-20,1163600.0,77
S0925,L1887,2023-11-22,2861000.0,88
S0926,L1983,2024-07-13,3594300.0,144
S0927,L0153,2024-01-12,670600.0,156
S0928,L2158,2025-05-30,2474000.0,62
S0929,L2570,2025-09-26,982600.0,164
S0930,L2047,2024-03-19,1634800.0,42
S0931,L1364,2023-12-11,941200.0,143
S0932,L0311,2024-02-03,664500.0,163
S0933,L2949,2023-10-22,1133800.0,154
S0934,L2848,2025-04-28,2550700.0,133
S0935,L2966,2024-07-12,1276400.0,76
S0936,L2539,2023-12-26,1209400.0,97
S0937,L1850,2024-12-05,822600.0,8
S0938,L0221,2024-12-16,1446600.0,36
S0939,L0942,2025-09-29,2067900.0,143
S0940,L1895,2025-08-06,1018200.0,103
S0941,L2022,2023-11-10,3079000.0,126
S0942,L2878,2024-11-26,358900.0,84
S0943,L0951,2023-10-10,1260300.0,166
S0944,L2982,2025-02-05,1536100.0,110
S0945,L0126,2024-03-05,283200.0,138
S0946,L1036,2023-09-13,996800.0,122
S0947,L0371,2024-11-03,749200.0,93
S0948,L1050,2024-11-16,1648100.0,36
S0949,L0794,2024-11-04,1332100.0,72
S0950,L0676,2025-03-14,230100.0,63
S0951,L1712,2024-05-10,437500.0,178
S0952,L1280,2023-11-14,3050400.0,153
S0953,L2262,2024-11-19,710500.0,133
S0954,L0253,2025-08-25,1214500.0,84
S0955,L2495,2025-04-05,1371300.0,34
S0956,L0017,2024-04-07,2739300.0,5
S0957,L1685,2023-08-19,812800.0,27
S0958,L0541,2025-06-24,608300.0,101
S0959,L1569,2024-12-06,782500.0,41
S0960,L0274,2025-10-17,1471200.0,144
S0961,L1932,2025-03-26,360400.0,137
S0962,L0421,2023-11-13,2458300.0,48
S0963,L1668,2023-10-16,323200.0,168
S0964,L0289,2025-05-28,821900.0,12
S0965,L1909,2024-05-09,1171000.0,161
S0966,L0029,2023-11-19,315900.0,143
S0967,L0069,2025-02-10,846600.0,149
S0968,L1831,2023-07-17,663300.0,32
S0969,L1986,2025-03-28,373000.0,127
S0970,L1427,2025-07-26,3092400.0,168
S0971,L1784,2025-08-06,1946100.0,118
S0972,L1399,2024-05-11,3681400.0,63
S0973,L2302,2023-09-18,560900.0,133
S0974,L2005,2025-07-09,219800.0,125
S0975,L0793,2024-04-29,1608900.0,15
S0976,L0747,2023-11-15,2121200.0,121
S0977,L2394,2024-12-18,540300.0,46
S0978,L0769,2024-06-04,282200.0,135
S0979,L0357,2025-03-01,1416100.0,40
S0980,L2031,2023-11-20,420000.0,99
S0981,L1860,2025-05-15,2597000.0,66
S0982,L2572,2025-03-08,1391700.0,166
S0983,L0390,2025-03-19,1274300.0,174
S0984,L1923,2025-03-27,3430200.0,179
S0985,L2763,2024-12-01,749100.0,51
S0986,L0532,2024-03-02,683300.0,43
S0987,L1151,2024-04-16,524500.0,97
S0988,L0996,2024-06-10,285400.0,49
S0989,L2218,2025-05-30,899100.0,97
S0990,L0138,2025-08-17,267800.0,150
S0991,L1261,2025-02-14,2126200.0,136
S0992,L2565,2024-02-22,420900.0,96
S0993,L2291,2023-11-28,458000.0,158
S0994,L1760,2024-07-31,600600.0,128
S0995,L2843,2023-10-12,3613700.0,98
S0996,L1838,2025-08-16,549100.0,146
S0997,L2804,2024-10-21,734900.0,86
S0998,L0131,2025-07-28,1238600.0,77
S0999,L1842,2025-05-25,969500.0,14
S1000,L2420,2025-05-29,1122400.0,133
S1001,L2828,2024-05-28,3002700.0,50
S1002,L1321,2025-11-07,354900.0,152
S1003,L0579,2025-01-18,227000.0,134
S1004,L0813,2025-04-28,863200.0,149
S1005,L2712,2023-11-09,1838400.0,68
S1006,L0645,2025-05-22,2653200.0,180
S1007,L1758,2023-07-15,1487700.0,166
S1008,L1839,2023-09-20,2751700.0,42
S1009,L0997,2023-06-18,2311900.0,165
S1010,L2885,2023-09-05,665700.0,160
S1011,L0347,2025-04-27,1054700.0,95
S1012,L1438,2024-05-06,585100.0,127
S1013,L0649,2023-08-20,2252700.0,38
S1014,L0174,2024-07-08,197000.0,171
S1015,L1451,2024-05-27,678800.0,110
S1016,L2081,2025-09-17,1993900.0,94
S1017,L0513,2025-02-15,573500.0,126
S1018,L0224,2024-11-02,195400.0,101
S1019,L0683,2024-02-24,1703300.0,130
S1020,L2884,2024-10-29,321700.0,9
S1021,L0860,2024-04-14,1074700.0,67
S1022,L0144,2024-10-04,713000.0,114
S1023,L0935,2023-04-03,501600.0,37
S1024,L1904,2024-10-06,193200.0,121
S1025,L2585,2025-03-29,319500.0,121
S1026,L1771,2024-08-08,505500.0,71
S1027,L0177,2023-04-21,962700.0,90
S1028,L0364,2025-03-16,202000.0,22
S1029,L0574,2024-11-04,515600.0,109
S1030,L0464,2024-01-20,1447300.0,51
S1031,L0307,2024-11-25,2804200.0,168
S1032,L2504,2025-02-26,455600.0,36
S1033,L1494,2024-07-01,1490300.0,74
S1034,L1191,2023-03-08,560100.0,7
S1035,L2699,2023-11-26,780900.0,28
S1036,L1173,2024-06-14,2793500.0,148
S1037,L2433,2024-09-11,1681500.0,49
S1038,L0316,2024-04-18,332000.0,12
S1039,L0518,2024-02-13,726800.0,27
S1040,L0971,2025-01-28,906200.0,155
S1041,L2228,2025-07-05,1672300.0,149
S1042,L1425,2023-12-21,601600.0,8
S1043,L1435,2023-06-29,3213900.0,159
S1044,L2655,2024-05-25,2407400.0,73
S1045,L0234,2023-10-09,1942400.0,17
S1046,L2298,2025-04-14,3530600.0,126
S1047,L2945,2023-08-30,1361100.0,168
S1048,L0100,2024-01-27,1626900.0,63
S1049,L2887,2024-04-05,2008100.0,32
S1050,L2339,2025-08-13,992200.0,89
S1051,L1304,2023-09-15,1020000.0,71
S1052,L1459,2025-04-30,1007900.0,40
S1053,L0419,2025-01-21,1203100.0,178
S1054,L1450,2023-03-31,2342900.0,34
S1055,L0077,2023-04-10,273100.0,34
S1056,L0081,2023-06-16,1768300.0,136
S1057,L1575,2024-01-26,1780900.0,157
S1058,L0681,2023-05-18,963200.0,24
S1059,L1864,2025-03-26,667200.0,163
S1060,L0786,2025-01-09,565800.0,36
S1061,L1067,2023-06-22,682000.0,42
S1062,L0555,2025-08-02,1826300.0,57
S1063,L0254,2025-04-10,1373700.0,19
S1064,L1753,2024-12-13,1293000.0,149
S1065,L0920,2025-04-10,2113600.0,127
S1066,L0320,2025-03-30,144500.0,60
S1067,L2393,2025-06-07,1025400.0,103
S1068,L2972,2024-05-01,1811000.0,8
S1069,L0556,2024-08-17,594200.0,20
S1070,L0115,2023-05-05,1186200.0,114
S1071,L0801,2024-01-07,368500.0,20
S1072,L1158,2023-11-05,463000.0,12
S1073,L1714,2023-08-22,1520200.0,143
S1074,L2535,2024-10-01,1833200.0,75
S1075,L1005,2025-01-13,954600.0,29
S1076,L1659,2025-03-29,882500.0,76
S1077,L2834,2024-10-07,2399800.0,10
S1078,L0539,2024-11-08,262600.0,149
S1079,L0240,2025-06-09,449900.0,54
S1080,L2540,2023-08-13,2490900.0,121
S1081,L1585,2023-08-17,3207400.0,79
S1082,L0373,2024-06-19,1917300.0,176
S1083,L0787,2023-08-26,1817500.0,79
S1084,L0398,2023-04-15,1591400.0,22
S1085,L1472,2023-10-19,1330800.0,25
S1086,L2247,2024-08-19,589100.0,31
S1087,L0012,2025-06-13,1488700.0,145
S1088,L2401,2025-09-24,1876700.0,103
S1089,L2324,2025-02-12,569500.0,61
S1090,L2196,2024-12-01,1034300.0,49
S1091,L2845,2024-08-29,3033000.0,57
S1092,L0211,2025-07-03,1907400.0,171
S1093,L2281,2024-07-06,1845900.0,133
S1094,L1617,2024-03-04,2366000.0,11
S1095,L1707,2024-08-03,267700.0,161
S1096,L2179,2025-05-31,1430200.0,108
S1097,L2869,2025-08-01,1609300.0,75
S1098,L0113,2024-11-12,986400.0,60
S1099,L1866,2025-01-04,344600.0,100
S1100,L2894,2025-04-16,396700.0,155
S1101,L2868,2024-09-01,2350800.0,31
S1102,L1544,2024-12-15,293800.0,67
S1103,L2769,2023-11-25,1685300.0,70
S1104,L0270,2025-04-03,416600.0,160
S1105,L1897,2023-08-17,1319000.0,6
S1106,L1257,2025-05-07,357800.0,146
S1107,L1033,2024-08-21,365600.0,133
S1108,L0414,2025-02-20,2444200.0,171
S1109,L0092,2025-03-11,1828400.0,48
S1110,L1210,2023-09-16,848700.0,19
S1111,L2069,2025-10-19,1063100.0,126
S1112,L0297,2025-06-06,446100.0,84
S1113,L0155,2025-07-21,1784800.0,89
S1114,L1567,2023-07-24,196500.0,172
S1115,L2513,2023-10-28,2553000.0,147
S1116,L2365,2025-06-02,2019000.0,24
S1117,L2793,2024-08-10,570900.0,68
S1118,L2192,2025-10-14,2179600.0,162
S1119,L0063,2023-06-17,2117800.0,135
S1120,L0519,2024-12-18,1347300.0,158
S1121,L1368,2025-05-31,1812500.0,170
S1122,L0660,2024-09-16,1023100.0,140
S1123,L1614,2023-05-10,588900.0,16
S1124,L1434,2023-05-19,786900.0,135
S1125,L0086,2023-12-16,2337700.0,75
S1126,L0444,2023-11-26,3057000.0,70
S1127,L1328,2025-08-19,956100.0,63
S1128,L2498,2025-11-06,233600.0,177
S1129,L2957,2024-06-24,588700.0,125
S1130,L0033,2025-05-18,2405600.0,21
S1131,L2168,2025-06-12,222100.0,89
S1132,L0337,2023-04-05,1332600.0,6
S1133,L1269,2024-07-04,456000.0,180
S1134,L2967,2023-08-31,917200.0,107
S1135,L1917,2025-07-02,665000.0,139
S1136,L0072,2023-06-08,1387400.0,23
S1137,L0841,2024-01-28,1474800.0,27
S1138,L0286,2024-05-08,279100.0,49
S1139,L2557,2025-06-13,998600.0,7
S1140,L0937,2023-05-29,4035000.0,141
S1141,L0385,2024-11-24,2000600.0,138
S1142,L1581,2024-10-13,743000.0,169
S1143,L0562,2025-03-05,1038800.0,32
S1144,L2222,2024-08-09,1236500.0,118
S1145,L2071,2023-11-14,2834700.0,134
S1146,L0284,2024-08-15,2808500.0,153
S1147,L2279,2025-01-24,739400.0,53
S1148,L0757,2025-04-29,2682000.0,76
S1149,L2257,2024-03-17,411900.0,78
S1150,L2560,2023-03-31,573700.0,16
S1151,L2687,2024-07-14,675200.0,56
S1152,L2388,2024-03-25,2218000.0,23
S1153,L1381,2024-09-29,3253300.0,15
S1154,L1402,2024-08-25,944200.0,120
S1155,L0299,2023-04-17,505000.0,7
S1156,L1100,2025-07-12,277900.0,86
S1157,L1499,2023-11-15,1845700.0,121
S1158,L0688,2024-04-24,175900.0,153
S1159,L1982,2024-04-27,1820600.0,144
S1160,L1112,2025-03-15,771500.0,93
S1161,L2609,2024-12-21,676200.0,80
S1162,L1023,2023-08-04,679700.0,175
S1163,L2648,2024-01-22,514500.0,115
S1164,L2988,2024-06-07,2428000.0,39
S1165,L0496,2024-09-25,866800.0,164
S1166,L0245,2024-11-07,652800.0,142
S1167,L0778,2023-09-03,1756400.0,139
S1168,L1792,2023-06-26,487900.0,29
S1169,L0082,2025-02-22,1076800.0,17
S1170,L1322,2025-11-20,2493700.0,179
S1171,L0317,2025-04-14,637000.0,152
S1172,L2110,2024-04-12,2755600.0,142
S1173,L1051,2025-06-02,2271000.0,180
S1174,L0871,2025-03-15,1597800.0,16
S1175,L2511,2024-03-15,473300.0,62
S1176,L2374,2024-08-11,607100.0,109
S1177,L1469,2024-06-27,583000.0,127
S1178,L0607,2023-08-23,1455300.0,100
S1179,L2832,2024-12-07,852800.0,105
S1180,L2784,2025-08-25,287900.0,129
S1181,L2126,2023-11-22,625200.0,145
S1182,L2220,2023-12-17,2546500.0,131
S1183,L2757,2023-12-26,1037500.0,145
S1184,L1884,2024-05-15,743300.0,34
S1185,L2165,2023-08-15,220700.0,108
S1186,L2253,2025-05-23,720400.0,116
S1187,L2963,2024-07-24,740300.0,177
S1188,L1528,2024-12-01,2983400.0,166
S1189,L0196,2023-11-09,818300.0,127
S1190,L0273,2023-11-09,3437500.0,139
S1191,L2235,2023-08-21,681500.0,172
S1192,L1721,2023-10-08,1857200.0,106
S1193,L0114,2025-07-25,526400.0,180
S1194,L0837,2024-02-13,1810300.0,5
S1195,L2130,2025-03-30,2257500.0,174
S1196,L1720,2024-10-19,196000.0,139
S1197,L2278,2024-11-08,743200.0,159
S1198,L0652,2025-08-18,441200.0,66
S1199,L1607,2023-08-25,646800.0,164
S1200,L1920,2025-06-29,2275800.0,63
S1201,L0324,2023-04-19,2346000.0,76
S1202,L0256,2023-08-13,1884700.0,127
S1203,L2658,2023-10-24,1945900.0,81
S1204,L2870,2024-09-29,1215500.0,93
S1205,L2021,2025-09-11,753300.0,94
S1206,L2334,2024-01-10,3675600.0,84
S1207,L2413,2023-10-03,3778900.0,11
S1208,L2639,2024-05-11,2522400.0,180
S1209,L0679,2025-01-13,1996400.0,79
S1210,L0435,2023-07-26,2507100.0,108
S1211,L0162,2023-07-26,1710700.0,113
S1212,L2786,2025-04-16,2657600.0,103
S1213,L1755,2023-11-20,3021200.0,29
S1214,L0226,2023-03-16,817000.0,20
S1215,L0685,2024-08-29,640000.0,155
S1216,L0784,2025-08-31,1217600.0,117
S1217,L1658,2023-06-12,1831800.0,34
S1218,L2186,2023-06-03,1530700.0,113
S1219,L0967,2025-03-06,471400.0,106
S1220,L1824,2025-12-06,453000.0,177
S1221,L1134,2023-06-18,1003400.0,142
S1222,L1403,2024-08-07,2043800.0,156
S1223,L2575,2025-03-19,1252500.0,38
S1224,L2061,2025-04-15,347600.0,153
S1225,L0909,2024-06-11,365400.0,18
S1226,L1546,2024-10-14,2387300.0,133
S1227,L2547,2025-05-20,2541000.0,41
S1228,L0433,2023-07-10,2714900.0,127
S1229,L0550,2023-06-16,723700.0,148
S1230,L0149,2024-08-01,464600.0,123
S1231,L0233,2024-06-30,2818700.0,158
S1232,L1699,2024-06-02,284900.0,118
S1233,L2428,2024-12-20,3086200.0,85
S1234,L1245,2024-10-12,334300.0,116
S1235,L0302,2023-06-29,2231600.0,88
S1236,L1295,2023-07-05,739600.0,140
S1237,L1099,2024-10-17,610500.0,87
S1238,L1779,2024-09-03,3952000.0,22
S1239,L1725,2025-03-21,955000.0,104
S1240,L2159,2024-08-02,1754100.0,132
S1241,L2011,2024-10-08,3518300.0,48
S1242,L0018,2023-09-21,2204000.0,117
S1243,L2555,2024-12-04,170500.0,86
S1244,L0346,2023-08-11,1791600.0,128
S1245,L1744,2024-07-08,1615100.0,125
S1246,L2543,2024-12-15,720500.0,115
S1247,L1129,2025-10-01,2564200.0,126
S1248,L1290,2023-02-19,884700.0,22
S1249,L1373,2024-02-09,1894900.0,143
S1250,L0665,2024-01-29,1661100.0,71
S1251,L1284,2023-11-10,2755200.0,61
S1252,L2054,2024-04-24,2341100.0,146
S1253,L2651,2024-12-09,1473200.0,109
S1254,L2405,2024-08-18,2015300.0,28
S1255,L1270,2025-05-27,1162300.0,14
S1256,L2479,2023-12-17,1759200.0,103
S1257,L0655,2024-07-03,2219200.0,169
S1258,L2726,2024-09-06,1255900.0,34
S1259,L1709,2024-02-25,1448800.0,169
S1260,L2180,2025-11-27,1124500.0,178
S1261,L0594,2024-05-13,2494200.0,147
S1262,L0728,2023-08-13,2884300.0,142
S1263,L0089,2024-03-12,2116700.0,47
S1264,L2312,2023-03-21,871700.0,76
S1265,L1027,2024-02-20,1012100.0,28
S1266,L0663,2023-03-20,683300.0,13
S1267,L0662,2024-12-24,1079800.0,21
S1268,L0535,2025-06-14,1485200.0,134
S1269,L1108,2025-07-01,793800.0,101
S1270,L2544,2024-11-14,156400.0,56
S1271,L2897,2024-12-31,1182500.0,143
S1272,L1231,2023-11-08,2907900.0,114
S1273,L2688,2025-04-05,1446200.0,33
S1274,L1682,2023-07-13,1511000.0,176
S1275,L1765,2023-08-10,301700.0,148
S1276,L1801,2024-01-26,183300.0,19
S1277,L1423,2025-08-15,2362700.0,123
S1278,L0090,2025-02-25,637700.0,56
S1279,L2026,2023-05-07,3282100.0,50
S1280,L1176,2023-12-05,1402300.0,47
S1281,L2234,2025-02-18,2765500.0,104
S1282,L2930,2024-11-28,1530200.0,159
S1283,L2419,2023-08-06,274200.0,84
S1284,L1187,2025-05-29,340200.0,45
S1285,L1802,2023-09-12,750000.0,172
S1286,L1124,2024-12-06,742600.0,66
S1287,L0973,2023-12-28,1151900.0,144
S1288,L1055,2023-02-03,666100.0,16
S1289,L1082,2023-04-15,954300.0,65
S1290,L1106,2025-08-28,1232900.0,134
S1291,L1806,2024-12-13,1961000.0,96
S1292,L1185,2023-12-23,1168200.0,124
S1293,L1184,2024-07-25,1873000.0,99
S1294,L0592,2025-07-14,671000.0,166
S1295,L1273,2024-11-20,1194100.0,31
S1296,L1312,2024-11-18,1799700.0,83
S1297,L2765,2023-06-09,1671200.0,127
S1298,L0624,2025-06-01,416500.0,91
S1299,L1572,2023-10-13,610000.0,6
S1300,L1972,2024-04-11,1668900.0,72
S1301,L0003,2025-01-05,357700.0,25
S1302,L0811,2023-09-10,611700.0,10
S1303,L0080,2024-08-17,923500.0,70
S1304,L0300,2024-02-18,2644500.0,44
S1305,L2509,2023-08-27,1416500.0,100
S1306,L0795,2025-11-16,1611000.0,164
S1307,L2105,2025-05-15,1252900.0,37
S1308,L1549,2024-01-08,722600.0,23
S1309,L2303,2023-12-12,1456500.0,105
S1310,L2797,2023-09-03,1209500.0,94
S1311,L1302,2024-10-17,3527200.0,115
S1312,L0750,2023-10-27,2945300.0,59
S1313,L2467,2024-12-28,433900.0,59
S1314,L0630,2024-04-12,1480000.0,30
S1315,L1953,2024-12-07,277100.0,63
S1316,L0708,2023-10-30,1394100.0,176
S1317,L1392,2024-01-16,794600.0,131
S1318,L2214,2023-11-20,635700.0,112
S1319,L2294,2025-05-17,273600.0,163
S1320,L1798,2023-08-09,1124100.0,36
S1321,L1159,2025-05-08,1709200.0,99
S1322,L1079,2023-08-12,536200.0,43
S1323,L1809,2023-05-25,501300.0,24
S1324,L1265,2024-09-03,1652500.0,12
S1325,L2815,2024-09-14,830600.0,60
S1326,L0384,2023-07-04,879100.0,134
S1327,L0002,2024-10-04,2496300.0,59
S1328,L1629,2023-08-16,765400.0,16
S1329,L2318,2025-05-13,1981900.0,21
S1330,L1018,2025-09-22,2733600.0,171
S1331,L2917,2025-03-26,484700.0,170
S1332,L1022,2025-08-02,1104300.0,113
S1333,L1977,2023-03-09,1051000.0,46
S1334,L0105,2025-06-30,191200.0,135
S1335,L2456,2024-11-17,1788000.0,109
S1336,L2621,2025-03-24,2590000.0,134
S1337,L0186,2024-08-16,567700.0,35
S1338,L1924,2023-10-22,2182000.0,86
S1339,L0471,2025-03-07,1835600.0,137
S1340,L0041,2024-09-15,1056300.0,68
S1341,L2991,2024-05-27,1792300.0,134
S1342,L1694,2023-04-16,938800.0,97
S1343,L0452,2024-10-19,163300.0,120
S1344,L2458,2025-09-22,2478800.0,156
S1345,L2161,2023-06-09,2107900.0,122
S1346,L2990,2024-10-18,1435400.0,150
S1347,L2396,2023-12-30,1194600.0,77
S1348,L2221,2023-11-21,405700.0,45
S1349,L1936,2025-02-03,2006100.0,93
S1350,L0125,2024-12-10,602900.0,167
S1351,L2044,2024-02-19,456700.0,136
S1352,L2285,2025-05-11,827100.0,154
S1353,L1156,2025-07-05,2498200.0,125
S1354,L1011,2023-10-28,364600.0,152
S1355,L1742,2024-08-19,2217200.0,100
S1356,L0280,2023-07-12,4096100.0,44
S1357,L2127,2024-12-28,881200.0,72
S1358,L2355,2024-08-02,303900.0,14
S1359,L1732,2024-08-01,3060000.0,104
S1360,L1687,2024-09-13,3683600.0,58
S1361,L2739,2023-12-31,258400.0,170
S1362,L2638,2025-03-15,2550100.0,32
S1363,L1818,2025-01-12,2558900.0,105
S1364,L0296,2024-09-14,3237800.0,101
S1365,L2141,2024-07-23,1383300.0,32
S1366,L1652,2025-05-16,469900.0,68
S1367,L2261,2024-09-12,1017200.0,69
S1368,L2892,2024-01-07,169000.0,88
S1369,L0213,2024-09-07,2638100.0,150
S1370,L2328,2025-07-05,187600.0,53
S1371,L1886,2023-10-15,2209300.0,111
S1372,L2662,2023-12-26,710400.0,93
S1373,L2792,2023-07-13,2348900.0,134
S1374,L2514,2023-07-19,2710600.0,126
S1375,L0510,2025-10-05,1515700.0,156
S1376,L0287,2025-05-01,1604900.0,27
S1377,L1440,2024-01-17,193700.0,83
S1378,L1741,2024-05-13,1169100.0,100
S1379,L1066,2024-03-04,2455700.0,154
S1380,L1551,2025-05-20,2547100.0,160
S1381,L1149,2025-04-03,1067600.0,94
S1382,L1043,2023-06-28,1785500.0,128
S1383,L2571,2023-05-29,1493200.0,29
S1384,L0533,2023-03-06,1473400.0,50
S1385,L1579,2024-01-23,2311700.0,168
S1386,L2525,2025-10-11,379800.0,155
S1387,L1599,2024-04-25,941800.0,94
S1388,L1414,2025-08-27,719900.0,95
S1389,L0036,2025-07-22,2548900.0,155
S1390,L2978,2024-01-16,1110700.0,10
S1391,L1553,2024-01-22,562400.0,78
S1392,L2721,2023-04-04,2168300.0,74
S1393,L0866,2025-06-28,1225400.0,78
S1394,L0354,2025-06-16,1418000.0,178
S1395,L2013,2025-03-12,611600.0,21
S1396,L2806,2024-08-07,450400.0,77
S1397,L2650,2025-04-30,431500.0,85
S1398,L0281,2024-07-27,2885400.0,38
S1399,L0200,2023-12-01,1294000.0,116
S1400,L0264,2024-12-04,767000.0,8
S1401,L1376,2024-11-03,830400.0,153
S1402,L0230,2024-02-14,684000.0,170
S1403,L2997,2023-12-06,3372100.0,113
S1404,L2316,2024-10-05,1499100.0,13
S1405,L1563,2024-01-30,1799600.0,113
S1406,L0668,2023-11-13,322100.0,60
S1407,L0617,2023-06-06,1978800.0,150
S1408,L2256,2024-04-30,2104800.0,18
S1409,L0557,2023-12-24,551500.0,12
S1410,L2652,2025-01-14,1296000.0,56
S1411,L2872,2025-07-03,1018000.0,79
S1412,L2131,2023-09-17,1668900.0,27
S1413,L1542,2024-06-04,1829500.0,39
S1414,L2877,2024-07-30,1366000.0,78
S1415,L0032,2024-05-09,489700.0,62
S1416,L1846,2024-09-06,1515300.0,96
S1417,L1388,2023-10-01,3159300.0,10
S1418,L1867,2024-03-12,1438600.0,36
S1419,L1550,2023-03-27,1101800.0,36
S1420,L0835,2024-09-11,1079800.0,86
S1421,L2531,2023-09-15,1384900.0,102
S1422,L0150,2023-08-20,2200300.0,58
S1423,L2891,2023-06-15,1288300.0,118
S1424,L1390,2025-08-05,1389600.0,138
S1425,L1416,2025-01-03,2690200.0,91
S1426,L0145,2024-11-02,422000.0,145
S1427,L0797,2023-06-07,490400.0,13
S1428,L1094,2023-12-03,2109700.0,39
S1429,L0192,2025-01-10,673300.0,27
S1430,L0008,2024-06-18,235000.0,105
S1431,L1014,2023-10-30,661000.0,125
S1432,L0210,2023-11-11,851600.0,82
S1433,L0506,2025-07-23,1618700.0,135
S1434,L2871,2024-03-14,2445900.0,149
S1435,L0993,2025-04-30,894000.0,117
S1436,L2083,2023-09-13,926800.0,145
S1437,L1189,2025-09-01,1596200.0,133
S1438,L2826,2023-09-10,1314800.0,123
S1439,L2577,2024-01-31,699700.0,31
S1440,L0475,2025-03-12,312500.0,33
S1441,L2736,2024-08-09,1717600.0,48
S1442,L1746,2024-09-05,1416100.0,40
S1443,L2552,2025-02-15,805800.0,61
S1444,L1292,2025-08-29,1279000.0,157
S1445,L2909,2023-12-05,1019700.0,100
S1446,L1812,2023-09-05,1338400.0,141
S1447,L2480,2025-08-23,849600.0,140
S1448,L0622,2024-08-28,643700.0,55
S1449,L2292,2024-02-16,368700.0,125
S1450,L0807,2025-09-08,2086900.0,124
S1451,L0022,2024-05-19,1919700.0,33
S1452,L2088,2025-04-07,447700.0,119
S1453,L2750,2024-03-23,899400.0,177
S1454,L2385,2024-10-27,691100.0,56
S1455,L0353,2025-05-25,1017700.0,171
S1456,L2641,2024-07-17,2738700.0,11
S1457,L0631,2023-07-19,720500.0,68
S1458,L1832,2024-08-12,459700.0,136
S1459,L0499,2023-06-30,648300.0,32
S1460,L1301,2023-11-18,221600.0,45
S1461,L0365,2024-05-31,2314100.0,67
S1462,L1383,2024-12-26,1150200.0,120
S1463,L1583,2024-12-29,1313300.0,10
S1464,L2288,2023-06-24,2954700.0,69
S1465,L2363,2024-05-02,930800.0,143
S1466,L1610,2024-03-25,1566700.0,26
S1467,L2114,2023-11-27,2384800.0,54
S1468,L2036,2024-06-09,2032000.0,149
S1469,L2596,2023-05-21,1739800.0,107
S1470,L1888,2024-10-01,2266700.0,122
S1471,L0912,2025-05-16,1723900.0,91
S1472,L1139,2025-05-19,861200.0,133
S1473,L0702,2025-05-21,633500.0,8
S1474,L2067,2023-03-16,1478700.0,5
S1475,L2880,2025-09-08,848400.0,180
S1476,L1311,2024-10-15,1864900.0,156
S1477,L2039,2024-09-12,2445600.0,90
S1478,L1344,2025-01-03,839100.0,6
S1479,L0636,2024-11-24,710200.0,108
S1480,L2860,2025-02-18,1489800.0,104
S1481,L1745,2024-10-05,2556400.0,57
S1482,L0143,2024-09-23,795000.0,52
S1483,L2825,2024-12-28,1972000.0,177
S1484,L0691,2024-07-19,804900.0,168
S1485,L2865,2025-10-16,332700.0,131
S1486,L0067,2024-09-18,448400.0,15
S1487,L2791,2024-12-10,2683500.0,129
S1488,L0321,2024-12-05,2091600.0,158
S1489,L2213,2025-04-21,1471500.0,9
S1490,L2724,2025-06-17,117900.0,152
S1491,L0515,2023-11-04,684200.0,67
S1492,L0490,2025-06-27,576500.0,8
S1493,L0170,2025-04-08,268400.0,53
S1494,L2146,2023-07-29,1392500.0,76
S1495,L1084,2025-03-25,2327200.0,53
S1496,L0891,2024-06-05,592600.0,179
S1497,L1764,2025-04-04,2590000.0,101
S1498,L1827,2024-06-16,3467200.0,128
S1499,L0877,2023-12-12,612000.0,87
S1500,L1861,2023-09-05,279500.0,50
S1501,L0899,2025-01-18,1106500.0,89
S1502,L2347,2024-04-28,555100.0,171
S1503,L1840,2025-06-11,1828500.0,138
S1504,L0602,2025-10-20,185800.0,174
S1505,L0818,2025-11-06,705500.0,147
S1506,L1250,2025-05-01,2778700.0,7
S1507,L1028,2024-06-19,1183200.0,152
S1508,L1374,2024-07-22,866300.0,78
S1509,L0413,2023-03-08,2524700.0,37
S1510,L1785,2024-09-18,3101300.0,43
S1511,L1836,2025-05-28,605600.0,61
S1512,L0423,2025-07-04,616100.0,29
S1513,L0309,2025-07-23,3188700.0,49
S1514,L2203,2023-12-12,311900.0,54
S1515,L1165,2025-03-22,2952400.0,136
S1516,L1998,2023-07-12,1656100.0,67
S1517,L1071,2024-06-06,3784700.0,50
S1518,L0194,2024-10-29,609400.0,45
S1519,L0833,2025-08-25,784800.0,80
S1520,L2086,2025-08-10,1350000.0,151
S1521,L2701,2025-06-19,579400.0,112
S1522,L2994,2024-01-04,512800.0,140
S1523,L0175,2024-02-13,3627000.0,64
S1524,L2973,2023-12-21,1533800.0,32
S1525,L2563,2023-06-12,1326800.0,8
S1526,L1352,2023-06-23,2179900.0,86
S1527,L1222,2025-04-19,229000.0,144
S1528,L0004,2023-05-18,1718900.0,89
S1529,L1409,2023-08-22,1315300.0,52
S1530,L1076,2024-11-09,3123800.0,171
S1531,L1782,2023-12-08,638600.0,169
S1532,L2034,2025-01-02,1251600.0,26
S1533,L2761,2025-07-07,738700.0,53
S1534,L2133,2025-06-25,1954200.0,9
S1535,L2523,2024-09-26,479900.0,84
S1536,L2559,2025-03-23,930200.0,109
S1537,L1056,2023-10-30,3413300.0,151
S1538,L0962,2024-11-01,1685000.0,97
S1539,L1545,2023-06-07,659500.0,117
S1540,L2677,2023-08-31,1360300.0,49
S1541,L1554,2025-06-12,809200.0,6
S1542,L0336,2025-05-14,696400.0,140
S1543,L2962,2023-08-01,352400.0,81
S1544,L2903,2025-08-19,1699600.0,156
S1545,L1952,2023-07-25,180000.0,165
S1546,L2975,2023-04-19,644100.0,5
S1547,L0266,2024-05-13,1694300.0,173
S1548,L0546,2023-05-13,878400.0,76
S1549,L0799,2023-10-29,1559000.0,109
S1550,L0946,2025-07-20,3250800.0,102
S1551,L1103,2023-07-20,2107500.0,100
S1552,L0474,2023-09-19,471800.0,135
S1553,L2908,2023-09-10,1535300.0,78
S1554,L0625,2025-01-03,375800.0,47
S1555,L1413,2024-11-21,1086500.0,100
S1556,L2440,2023-03-05,286200.0,37
S1557,L1701,2023-09-02,2803600.0,45
S1558,L0323,2025-03-17,1231600.0,35
S1559,L2170,2025-01-29,2698400.0,168
S1560,L0060,2025-05-26,1427900.0,143
S1561,L1041,2025-09-18,502400.0,134
S1562,L1060,2023-12-08,937100.0,52
S1563,L0360,2023-12-05,362400.0,14
S1564,L0487,2023-06-25,1208700.0,73
S1565,L0290,2025-09-17,1051300.0,163
S1566,L0543,2025-06-15,1080300.0,28
S1567,L1296,2025-03-15,2222600.0,26
S1568,L2823,2025-10-17,583600.0,153
S1569,L2027,2025-01-09,903100.0,41
S1570,L0842,2023-03-31,212900.0,89
S1571,L1691,2024-11-14,1382400.0,169
S1572,L0885,2024-12-29,1766000.0,50
S1573,L1750,2025-11-16,3065000.0,174
S1574,L2353,2025-06-16,655400.0,80
S1575,L1600,2025-08-11,119100.0,68
S1576,L0918,2025-06-14,2179600.0,35
S1577,L2993,2025-03-14,1744500.0,170
S1578,L1926,2025-01-29,1014700.0,36
S1579,L0437,2024-12-09,3306100.0,124
S1580,L2370,2025-08-07,1323000.0,142
S1581,L0511,2024-08-29,1375500.0,109
S1582,L1008,2024-12-13,826000.0,32
S1583,L0322,2024-12-03,202900.0,31
S1584,L0524,2023-12-07,1547000.0,58
S1585,L1212,2025-08-07,496900.0,116
S1586,L0338,2023-03-20,1169000.0,25
S1587,L1238,2023-04-28,812100.0,5
S1588,L0340,2024-04-30,473700.0,177
S1589,L2445,2025-09-08,581200.0,148
S1590,L0178,2025-04-26,653100.0,12
S1591,L1568,2025-02-13,2212100.0,94
S1592,L0473,2023-11-16,339100.0,170
S1593,L2986,2024-10-17,970900.0,11
S1594,L1719,2023-12-25,675200.0,166
S1595,L0011,2024-07-13,1939000.0,53
S1596,L0806,2024-02-23,1068400.0,42
S1597,L0148,2025-04-13,2827500.0,149
S1598,L1059,2025-01-15,3010400.0,121
S1599,L0826,2024-11-21,2905400.0,37
S1600,L1259,2025-01-07,2415600.0,85
S1601,L1323,2024-06-28,1446400.0,123
S1602,L2776,2023-07-29,2797600.0,113
S1603,L2867,2025-06-02,2334300.0,23
S1604,L1534,2023-09-26,384500.0,123
S1605,L2922,2024-12-16,1241800.0,84
S1606,L0812,2025-01-01,691700.0,9
S1607,L2670,2023-04-27,718100.0,94
S1608,L1970,2024-05-14,907800.0,38
S1609,L1959,2023-10-02,1896100.0,68
S1610,L0517,2023-09-11,277000.0,84
S1611,L0760,2024-12-19,1772600.0,121
S1612,L0056,2024-10-06,587700.0,175
S1613,L2249,2024-07-06,1509300.0,147
S1614,L2934,2024-11-27,3034800.0,135
S1615,L2250,2024-11-11,1313900.0,116
S1616,L0735,2024-10-01,622500.0,51
S1617,L1365,2025-05-15,868800.0,20
S1618,L2121,2023-06-30,509000.0,41
S1619,L0344,2024-03-06,887400.0,78
S1620,L2451,2023-02-25,1684600.0,41
S1621,L0171,2023-07-28,448500.0,114
S1622,L2777,2025-07-31,1789000.0,138
S1623,L1194,2024-05-22,1090500.0,180
S1624,L0195,2024-03-17,601000.0,115
S1625,L0409,2023-06-30,2185500.0,47
S1626,L0567,2024-09-17,1174500.0,72
S1627,L0456,2024-10-08,426200.0,9
S1628,L1288,2024-01-23,1201000.0,90
S1629,L2341,2025-07-16,998000.0,161
S1630,L1944,2025-04-20,965600.0,117
S1631,L2097,2024-02-20,326100.0,126
S1632,L0695,2024-06-07,2009100.0,174
S1633,L2407,2024-04-14,1171500.0,161
S1634,L0097,2024-12-23,1668100.0,29
S1635,L0380,2023-10-30,2017800.0,153
S1636,L1905,2024-07-12,463200.0,149
S1637,L1814,2024-01-24,619300.0,67
S1638,L1990,2024-03-05,557800.0,62
S1639,L1380,2023-12-29,1242700.0,58
S1640,L2729,2024-11-23,1611400.0,40
S1641,L0907,2024-08-21,1776300.0,134
S1642,L1994,2023-09-17,277800.0,58
S1643,L0974,2025-02-18,1814900.0,50
S1644,L0893,2023-07-04,1939400.0,133
S1645,L2617,2023-06-22,626200.0,16
S1646,L2589,2024-04-25,1389600.0,71
S1647,L0609,2024-06-27,3002700.0,7
S1648,L2624,2023-12-01,1820100.0,70
S1649,L1354,2024-10-08,1272300.0,96
S1650,L2429,2025-07-02,482100.0,162
S1651,L2703,2023-08-23,2698200.0,154
S1652,L0223,2025-04-14,2974500.0,70
S1653,L2029,2025-08-12,463900.0,160
S1654,L2274,2023-04-15,439700.0,69
S1655,L0853,2024-04-24,1103900.0,176
S1656,L0646,2024-04-02,2029600.0,149
S1657,L2023,2025-05-03,545100.0,40
S1658,L0318,2023-06-23,1835400.0,156
S1659,L2046,2024-03-01,1933400.0,98
S1660,L1371,2024-10-06,1528200.0,27
S1661,L2237,2024-08-19,1656100.0,58
S1662,L1903,2023-08-09,3372700.0,120
S1663,L0526,2024-10-23,2969900.0,77
S1664,L1398,2024-11-08,586300.0,80
S1665,L1475,2023-07-06,1164700.0,52
S1666,L0505,2023-10-11,1096200.0,41
S1667,L0055,2024-11-08,383100.0,90
S1668,L1424,2024-07-04,736000.0,80
S1669,L2106,2024-12-25,3192800.0,110
S1670,L2690,2023-03-21,689800.0,76
S1671,L2120,2024-05-13,2614800.0,170
S1672,L0949,2024-10-25,2930700.0,82
S1673,L2637,2024-12-16,254400.0,171
S1674,L1722,2025-03-15,1828000.0,77
S1675,L0021,2024-05-14,1894200.0,55
S1676,L0732,2025-06-18,1053500.0,48
S1677,L0447,2023-03-15,2130700.0,8
S1678,L0147,2024-05-08,153600.0,149
S1679,L1324,2024-01-23,2111700.0,31
S1680,L1264,2023-09-15,581000.0,134
S1681,L0985,2025-08-31,777500.0,77
S1682,L1506,2023-10-09,3118800.0,31
S1683,L0430,2024-06-29,1967800.0,101
S1684,L2771,2025-08-15,1348900.0,99
S1685,L1536,2025-01-28,438000.0,114
S1686,L0979,2023-01-18,417100.0,17
S1687,L0771,2024-04-25,212500.0,178
S1688,L1834,2023-10-21,2766100.0,86
S1689,L2807,2025-06-27,2820600.0,15
S1690,L1630,2024-04-30,1229200.0,80
S1691,L1010,2025-04-28,835700.0,166
S1692,L2984,2025-05-13,1313800.0,89
S1693,L0987,2024-10-20,484600.0,78
S1694,L2143,2024-01-10,544000.0,104
S1695,L1796,2024-05-26,298100.0,58
S1696,L0361,2023-10-11,505200.0,134
S1697,L2099,2025-05-07,333700.0,162
S1698,L2551,2023-09-09,1145100.0,99
S1699,L0989,2025-10-10,2762300.0,122
S1700,L2913,2023-10-04,274500.0,173
S1701,L0639,2025-07-28,1854900.0,113
S1702,L1404,2024-04-28,325900.0,111
S1703,L1305,2025-05-04,1193800.0,85
S1704,L1104,2024-05-10,711300.0,84
S1705,L1007,2023-10-12,1314500.0,67
S1706,L2500,2024-04-28,758500.0,135
S1707,L2507,2024-05-07,275600.0,34
S1708,L2041,2024-08-06,2086700.0,151
S1709,L2716,2024-09-13,275800.0,151
S1710,L1889,2024-01-28,2525900.0,162
S1711,L2709,2023-09-22,739700.0,76
S1712,L0217,2025-02-06,3407400.0,109
S1713,L2307,2023-11-13,1804300.0,84
S1714,L0573,2024-08-14,1000300.0,158
S1715,L1195,2024-08-23,1419400.0,85
S1716,L1255,2024-04-22,2162700.0,52
S1717,L1780,2023-12-10,1710100.0,132
S1718,L2935,2024-02-14,1970100.0,118
S1719,L0919,2023-11-15,303000.0,22
S1720,L1248,2023-10-10,1854100.0,62
S1721,L1162,2024-03-19,879900.0,19
S1722,L2349,2024-09-15,751000.0,142
S1723,L0587,2024-08-15,274800.0,103
S1724,L2148,2023-05-26,830300.0,99
S1725,L2344,2025-05-04,1345900.0,90
S1726,L2987,2024-04-26,1547000.0,145
S1727,L1552,2025-04-08,1764200.0,30
S1728,L2521,2025-07-20,1714700.0,174
S1729,L2457,2024-04-22,3067600.0,161
S1730,L1901,2024-12-19,1109500.0,165
S1731,L0250,2023-08-10,3805800.0,165
S1732,L1604,2023-09-04,2440500.0,135
S1733,L1966,2024-04-18,1254700.0,82
S1734,L0711,2025-10-01,312300.0,131
S1735,L0823,2024-12-12,657100.0,176
S1736,L2837,2025-09-23,1307900.0,120
S1737,L1582,2024-03-03,894800.0,114
S1738,L0603,2023-03-25,885700.0,57
S1739,L2310,2025-08-11,220700.0,56
S1740,L2461,2023-11-24,1195000.0,38
S1741,L0872,2024-07-03,1420400.0,108
S1742,L2134,2024-06-25,2036600.0,30
S1743,L2020,2024-11-14,300800.0,41
S1744,L1673,2023-12-05,767600.0,109
S1745,L1735,2024-04-05,2742200.0,116
S1746,L2581,2024-02-02,1809500.0,160
S1747,L2612,2024-12-13,1225100.0,16
S1748,L2590,2023-10-22,659900.0,132
S1749,L1350,2025-04-01,2848000.0,46
S1750,L1940,2025-01-06,579300.0,54
S1751,L2406,2025-04-28,1774700.0,119
S1752,L0062,2024-01-23,3368900.0,122
S1753,L2079,2024-05-31,1872800.0,95
S1754,L0328,2025-06-05,2023600.0,125
S1755,L0566,2024-05-11,871300.0,70
S1756,L0943,2023-07-25,390400.0,45
S1757,L2074,2025-06-22,2668700.0,173
S1758,L1327,2023-07-05,1619600.0,55
S1759,L0712,2024-10-28,519200.0,70
S1760,L2070,2024-04-11,947400.0,119
S1761,L2706,2025-02-16,1434300.0,72
S1762,L1097,2023-07-30,546200.0,121
S1763,L2660,2024-08-25,1701500.0,52
S1764,L2857,2024-03-23,2782500.0,139
S1765,L2122,2023-06-29,272800.0,153
S1766,L2597,2024-06-02,427700.0,170
S1767,L2831,2025-04-29,1228700.0,23
S1768,L0689,2023-11-04,1112000.0,57
S1769,L2017,2025-02-27,1494600.0,9
S1770,L0228,2023-03-15,744800.0,61
S1771,L2308,2025-03-11,997000.0,34
S1772,L1618,2025-06-12,2300000.0,111
S1773,L2201,2023-04-12,1458800.0,92
S1774,L0054,2024-02-29,1643700.0,170
S1775,L0991,2024-12-01,601500.0,15
S1776,L1736,2023-12-30,389600.0,27
S1777,L0863,2023-12-15,1770700.0,144
S1778,L1355,2023-06-14,1676900.0,106
S1779,L1883,2025-01-27,355800.0,51
S1780,L1226,2025-02-16,910300.0,145
S1781,L2268,2024-04-28,1559100.0,111
S1782,L1770,2023-04-20,1837300.0,21
S1783,L0861,2023-07-26,2876400.0,8
S1784,L1967,2025-10-03,471500.0,155
S1785,L1523,2024-05-22,664700.0,140
S1786,L2167,2025-01-10,551600.0,172
S1787,L0034,2023-10-11,1066000.0,19
S1788,L2937,2025-05-11,1516900.0,73
S1789,L2567,2024-02-27,1668900.0,24
S1790,L0396,2025-03-31,723500.0,169
S1791,L2939,2023-06-06,1159100.0,56
S1792,L0258,2024-04-07,590500.0,56
S1793,L1877,2024-09-24,1354100.0,94
S1794,L2722,2024-04-01,686500.0,27
S1795,L1520,2025-02-17,976500.0,8
S1796,L0761,2024-06-21,419300.0,10
S1797,L2676,2023-04-02,120600.0,85
S1798,L2923,2024-07-15,3468600.0,72
S1799,L1558,2025-04-30,1130300.0,154
S1800,L0427,2025-05-07,1541600.0,129
S1801,L1401,2025-03-05,2686300.0,69
S1802,L1107,2025-06-06,1311500.0,18
S1803,L2628,2025-07-26,2280900.0,156
S1804,L2093,2024-05-07,2686400.0,22
S1805,L2764,2024-12-10,512500.0,158
S1806,L1893,2023-09-25,307500.0,122
S1807,L2447,2023-11-23,2196500.0,91
S1808,L0604,2025-04-26,731200.0,72
S1809,L0463,2024-05-02,1028700.0,143
S1810,L0749,2025-11-28,992200.0,163
S1811,L0139,2025-09-24,733300.0,117
S1812,L1960,2024-01-14,346900.0,171
S1813,L2944,2023-10-11,1221600.0,156
S1814,L0638,2024-01-04,610600.0,38
S1815,L0737,2025-05-09,1571900.0,75
S1816,L1117,2025-09-17,1329100.0,178
S1817,L1680,2024-08-01,2638700.0,48
S1818,L2785,2024-06-28,781400.0,168
S1819,L0449,2023-12-16,284100.0,116
S1820,L1271,2024-02-05,833700.0,33
S1821,L2489,2023-07-15,1920500.0,110
S1822,L0746,2024-09-03,2578300.0,163
S1823,L0283,2023-09-19,505300.0,27
S1824,L0595,2023-10-31,1314900.0,55
S1825,L2408,2023-12-18,289100.0,148
S1826,L0696,2024-07-05,1285500.0,146
S1827,L1945,2024-07-08,3240200.0,151
S1828,L2189,2024-04-05,209900.0,119
S1829,L0569,2025-07-01,2203900.0,166
S1830,L2435,2025-04-26,291700.0,34
S1831,L0180,2023-04-12,2462600.0,67
S1832,L0045,2023-08-25,280100.0,114
S1833,L1496,2023-08-26,226100.0,56
S1834,L0781,2024-04-11,314000.0,52
S1835,L2367,2023-11-13,371700.0,72
S1836,L0026,2023-12-11,968300.0,99
S1837,L0765,2023-05-20,1102700.0,49
S1838,L2537,2024-04-04,1014400.0,129
S1839,L2305,2023-06-03,1042700.0,22
S1840,L0091,2024-10-22,1273200.0,113
S1841,L0647,2024-07-22,305000.0,52
S1842,L1513,2024-05-15,1081000.0,39
S1843,L1733,2025-03-25,750800.0,135
S1844,L1773,2023-08-03,787100.0,69
S1845,L2439,2024-02-10,342000.0,88
S1846,L2549,2023-10-01,121600.0,35
S1847,L2720,2023-06-26,797600.0,125
S1848,L2195,2024-09-09,1819700.0,19
S1849,L1048,2023-07-12,1203200.0,177
S1850,L1593,2023-07-06,549500.0,145
S1851,L1564,2024-07-13,2304700.0,83
S1852,L1343,2025-01-16,2573100.0,87
S1853,L0768,2024-10-24,2183100.0,62
S1854,L1002,2025-03-12,1258600.0,131
S1855,L2282,2024-08-16,1038300.0,177
S1856,L1303,2025-09-05,697500.0,97
S1857,L2217,2025-02-10,2083900.0,113
S1858,L0220,2024-02-12,465400.0,9
S1859,L0844,2023-04-03,1825900.0,9
S1860,L1841,2024-12-14,2019600.0,25
S1861,L0800,2025-01-17,549800.0,46
S1862,L2517,2023-08-26,271400.0,53
S1863,L1738,2024-06-24,1185800.0,132
S1864,L2779,2024-08-15,184200.0,77
S1865,L1297,2023-07-03,177000.0,143
S1866,L2212,2024-09-15,1860300.0,15
S1867,L2632,2023-03-29,2840000.0,58
S1868,L2958,2023-11-12,1273200.0,37
S1869,L1950,2023-10-11,345800.0,134
S1870,L2614,2024-05-05,2465700.0,139
S1871,L1621,2023-11-17,1495300.0,39
S1872,L0717,2024-10-18,1040100.0,89
S1873,L2172,2023-09-25,1557900.0,165
S1874,L1483,2024-08-03,404900.0,139
S1875,L2076,2025-03-25,1387000.0,62
S1876,L1144,2023-04-06,3331700.0,21
S1877,L1689,2025-05-26,326800.0,68
S1878,L0529,2024-10-14,2257300.0,145
S1879,L0386,2024-06-10,1804600.0,64
S1880,L2723,2025-09-27,1322300.0,179
S1881,L1743,2024-05-11,809900.0,101
S1882,L0142,2024-08-31,1712500.0,114
S1883,L1171,2024-07-02,758100.0,140
S1884,L2625,2023-08-19,631400.0,18
S1885,L1627,2025-06-05,1853500.0,129
S1886,L1493,2023-03-22,440200.0,66
S1887,L2772,2024-08-17,1627900.0,131
S1888,L0796,2024-05-30,276800.0,73
S1889,L1412,2025-02-10,180300.0,92
S1890,L2001,2024-07-31,438300.0,47
S1891,L0403,2024-04-18,1189800.0,12
S1892,L0580,2025-04-23,1290400.0,91
S1893,L0956,2023-11-02,328300.0,46
S1894,L2696,2024-06-27,1016100.0,167
S1895,L2191,2024-10-17,1677100.0,165
S1896,L2149,2023-04-27,1123500.0,17
S1897,L0477,2024-01-19,3246800.0,144
S1898,L1477,2025-05-21,207100.0,77
S1899,L0291,2024-09-14,229300.0,156
S1900,L0882,2024-02-10,308900.0,135
S1901,L0954,2023-09-01,2419700.0,6
S1902,L1772,2024-10-08,2377200.0,113
S1903,L0699,2024-07-14,2417400.0,12
S1904,L1769,2024-08-01,990800.0,99
S1905,L2534,2024-01-12,313800.0,151
S1906,L0133,2025-05-26,1012300.0,156
S1907,L2902,2024-04-15,427900.0,101
S1908,L0674,2025-06-12,233800.0,113
S1909,L2695,2023-04-09,893500.0,69
S1910,L2587,2023-07-16,1750400.0,156
S1911,L0158,2024-12-27,163900.0,110
S1912,L2375,2024-02-27,3420900.0,79
S1913,L0007,2025-10-12,292200.0,139
S1914,L2118,2024-11-10,2189200.0,81
S1915,L1641,2025-01-28,953700.0,60
S1916,L1965,2024-11-27,1802100.0,170
S1917,L2836,2025-04-26,284300.0,98
S1918,L1332,2024-04-29,1187300.0,64
S1919,L1152,2025-09-02,1816400.0,166
S1920,L1547,2025-03-20,1873300.0,104
S1921,L1502,2023-04-22,2572500.0,70
S1922,L0856,2025-07-02,1509200.0,118
S1923,L2178,2025-08-26,149800.0,146
S1924,L2814,2025-04-05,2177800.0,180
S1925,L0965,2024-01-22,2514800.0,69
S1926,L1443,2023-10-16,503500.0,154
S1927,L1167,2024-08-02,946800.0,52
S1928,L2210,2024-09-18,1650100.0,32
S1929,L2077,2023-06-03,1683400.0,147
S1930,L2487,2024-04-30,2848200.0,151
S1931,L1921,2025-03-11,825000.0,134
S1932,L0035,2023-04-26,279700.0,15
S1933,L0927,2024-08-19,1321700.0,104
S1934,L0599,2024-07-21,318100.0,158
S1935,L0059,2025-07-13,1651200.0,102
S1936,L1393,2023-11-09,1372600.0,26
S1937,L1978,2025-06-01,158700.0,132
S1938,L1020,2023-10-08,1008200.0,174
S1939,L2414,2025-01-11,1792300.0,177
S1940,L2082,2024-05-10,2643200.0,176
S1941,L2683,2023-04-29,360700.0,88
S1942,L1486,2023-08-25,2883700.0,38
S1943,L1878,2023-09-15,420500.0,75
S1944,L2961,2023-03-25,672300.0,51
S1945,L1306,2024-06-11,1469100.0,179
S1946,L2684,2024-10-09,675300.0,143
S1947,L2421,2024-02-14,427600.0,64
S1948,L2379,2024-10-29,397600.0,103
S1949,L1289,2024-06-14,1281500.0,59
S1950,L1358,2025-03-20,829100.0,12
